rank,language,fname,packages,scripts,share,calls
1,R,rnorm,stats,690,0.0739,2467
2,R,lm,stats,643,0.0688,3948
3,R,quantile,stats,420,0.0450,2258
4,R,runif,stats,413,0.0442,1018
5,R,sd,stats,343,0.0367,1493
6,Python,randn,numpy.random,316,0.0507,1590
7,Python,seed,numpy.random,252,0.0404,1036
8,Python,RandomState,numpy.random,230,0.0369,1047
9,Python,rand,numpy.random,223,0.0358,1079
10,R,glm,stats,206,0.0220,1226
11,R,pnorm,stats,188,0.0201,2338
12,R,median,stats,185,0.0198,1018
13,Python,randint,numpy.random,147,0.0236,389
14,R,coeftest,lmtest,120,0.0128,904
15,R,feols,fixest,117,0.0125,1054
16,R,qnorm,stats,117,0.0125,455
17,R,cor,stats,116,0.0124,288
18,R,var,stats,114,0.0122,481
19,R,weighted.mean,stats,103,0.0110,591
20,R,dnorm,stats,99,0.0106,267
21,Python,random,numpy.random,98,0.0157,565
22,R,optim,stats,85,0.0091,151
23,Python,normal,numpy.random,84,0.0135,273
24,R,vcovHC,plm;sandwich,76,0.0081,445
25,R,rbinom,stats,74,0.0079,171
26,Python,uniform,numpy.random,73,0.0117,194
27,R,style.tex,fixest,69,0.0074,142
28,R,pt,stats,67,0.0072,188
29,R,model.response,stats,66,0.0071,114
30,R,pchisq,stats,66,0.0071,177
31,R,anova,stats,64,0.0069,275
32,Python,choice,numpy.random,64,0.0103,179
33,Python,permutation,numpy.random,63,0.0101,86
34,R,index,plm,59,0.0063,414
35,R,rq,quantreg,58,0.0062,118
36,R,dist,stats,55,0.0059,206
37,R,lm_robust,estimatr,55,0.0059,471
38,R,mvrnorm,MASS,54,0.0058,94
39,R,t.test,stats,54,0.0058,393
40,R,ts,stats,53,0.0057,110
41,R,qt,stats,52,0.0056,157
42,R,Surv,survival,51,0.0055,347
43,R,density,stats,51,0.0055,339
44,R,lm.fit,stats,49,0.0052,87
45,Python,minimize,scipy.optimize,46,0.0074,147
46,R,poly,stats,46,0.0049,1617
47,R,as.dendrogram,stats,45,0.0048,164
48,R,qbeta,stats,39,0.0042,103
49,R,rexp,stats,38,0.0041,42
50,R,rpois,stats,38,0.0041,104
51,R,matchit,MatchIt,37,0.0040,94
52,R,vcovCL,sandwich,37,0.0040,261
53,Python,weibull,numpy.random,37,0.0059,38
54,R,lmer,lme4,36,0.0039,269
55,R,window,stats,35,0.0037,140
56,R,coxph,survival,33,0.0035,278
57,R,hclust,stats,33,0.0035,192
58,R,pbeta,stats,33,0.0035,99
59,R,optimize,stats,32,0.0034,63
60,R,rgamma,stats,32,0.0034,37
61,Python,shuffle,numpy.random,32,0.0051,69
62,Python,LogisticRegression,sklearn.linear_model,31,0.0050,255
63,R,ginv,MASS,31,0.0033,125
64,R,rqss,quantreg,31,0.0033,46
65,R,linearHypothesis,car,30,0.0032,121
66,R,plm,plm,30,0.0032,327
67,R,qss,quantreg,30,0.0032,48
68,R,.l,fixest,29,0.0031,30
69,R,glm.nb,MASS,29,0.0031,138
70,R,persp,VGAM,29,0.0031,61
71,R,pf,stats,29,0.0031,95
72,R,cluster.vcov,multiwayvcov,28,0.0030,102
73,R,fixef,fixest;lme4;nlme;plm,28,0.0030,104
74,R,multinom,mgcv,28,0.0030,68
75,R,qchisq,stats,28,0.0030,57
76,R,sandwich,sandwich,28,0.0030,37
77,R,setFixest_dict,fixest,28,0.0030,43
78,Python,LinearRegression,sklearn.linear_model,27,0.0043,137
79,R,cov,stats,27,0.0029,121
80,R,pdata.frame,plm,27,0.0029,67
81,R,integrate,stats,26,0.0028,119
82,R,ivreg,AER;ivreg,26,0.0028,104
83,R,order.dendrogram,stats,26,0.0028,79
84,R,waldtest,lmtest,25,0.0027,76
85,Python,ols,statsmodels,24,0.0039,32
86,R,cutree,stats,23,0.0025,135
87,Python,default_rng,numpy.random,23,0.0037,42
88,R,reorder,stats,23,0.0025,52
89,R,uniroot,stats,23,0.0025,45
90,R,acf,stats,22,0.0024,65
91,R,lme,nlme,22,0.0024,102
92,Python,ppf,scipy.stats,22,0.0035,97
93,R,start,stats,22,0.0024,50
94,R,time,stats,22,0.0024,99
95,R,deriv,stats,21,0.0022,85
96,R,hat,stats,21,0.0022,87
97,R,estfun,fixest;sandwich,20,0.0021,29
98,R,match.data,MatchIt,20,0.0021,80
99,R,rchisq,stats,20,0.0021,34
100,R,rt,stats,20,0.0021,28
101,R,NeweyWest,sandwich,19,0.0020,84
102,R,delete.response,stats,19,0.0020,29
103,R,feglm,fixest,19,0.0020,40
104,R,is.leaf,stats,19,0.0020,59
105,R,printCoefmat,stats,19,0.0020,22
106,R,show,VGAM;lme4,19,0.0020,60
107,R,ave,stats,18,0.0019,40
108,Python,cdf,scipy.stats,18,0.0029,174
109,R,end,stats,18,0.0019,53
110,R,model.weights,stats,18,0.0019,23
111,R,polr,MASS,18,0.0019,149
112,R,rbeta,stats,18,0.0019,93
113,R,se,fixest;metafor,18,0.0019,102
114,R,deltamethod,metafor,17,0.0018,42
115,R,dpois,stats,17,0.0018,27
116,R,dwtest,lmtest,17,0.0018,17
117,R,ecdf,stats,17,0.0018,216
118,R,i,fixest,17,0.0018,49
119,R,laplace,VGAM,17,0.0018,25
120,R,qbinom,stats,17,0.0018,33
121,R,survfit,survival,17,0.0018,65
122,Python,Ridge,sklearn.linear_model,16,0.0026,80
123,R,cor.test,stats,16,0.0017,139
124,R,loess,stats,16,0.0017,53
125,R,qqnorm,stats,16,0.0017,34
126,R,splinefun,stats,16,0.0017,49
127,Python,OLS,statsmodels,15,0.0024,44
128,R,VarCorr,lme4;nlme;ordinal,15,0.0016,122
129,R,approxfun,stats,15,0.0016,103
130,R,bgtest,lmtest,15,0.0016,15
131,R,deltaMethod,car,15,0.0016,86
132,R,mediate,mediation,15,0.0016,106
133,R,model.extract,stats,15,0.0016,25
134,R,na.action,stats,15,0.0016,22
135,R,plogis,stats,15,0.0016,36
136,R,punif,stats,15,0.0016,45
137,Python,root,scipy.optimize,15,0.0024,35
138,R,strata,survival,15,0.0016,161
139,R,as.hclust,stats,14,0.0015,17
140,R,dbeta,stats,14,0.0015,47
141,R,dt,stats,14,0.0015,36
142,R,glm.control,stats,14,0.0015,35
143,R,hurdle,pscl,14,0.0015,24
144,R,lag,plm;stats,14,0.0015,1014
145,R,mad,stats,14,0.0015,22
146,R,p.adjust,stats,14,0.0015,45
147,R,rlnorm,stats,14,0.0015,21
148,R,arima,stats,13,0.0014,40
149,R,as.ts,stats,13,0.0014,19
150,R,dgamma,stats,13,0.0014,34
151,R,gam,mgcv,13,0.0014,79
152,R,intervals,nlme,13,0.0014,42
153,R,mahalanobis,stats,13,0.0014,15
154,R,nls,stats,13,0.0014,27
155,R,qpois,stats,13,0.0014,29
156,R,simulate,stats,13,0.0014,20
157,R,stepfun,stats,13,0.0014,27
158,R,weights,VGAM;stats,13,0.0014,24
159,Python,Bounds,scipy.optimize,12,0.0019,34
160,R,Match,Matching,12,0.0013,47
161,Python,OptimizeResult,scipy.optimize,12,0.0019,15
162,R,bptest,lmtest,12,0.0013,27
163,R,chisq.test,stats,12,0.0013,20
164,R,glmer,lme4,12,0.0013,25
165,R,latex,quantreg,12,0.0013,13
166,Python,multivariate_normal,numpy.random,12,0.0019,29
167,R,nlm,stats,12,0.0013,17
168,R,nlme,nlme,12,0.0013,31
169,R,pbinom,stats,12,0.0013,39
170,R,pgamma,stats,12,0.0013,37
171,R,ppois,stats,12,0.0013,42
172,R,rq.fit.sfn,quantreg,12,0.0013,14
173,R,s,VGAM;mgcv,12,0.0013,155
174,R,zeroinfl,pscl,12,0.0013,21
175,R,IQR,stats,11,0.0012,19
176,Python,Lasso,sklearn.linear_model,11,0.0018,28
177,R,akj,quantreg,11,0.0012,16
178,R,aov,stats,11,0.0012,51
179,R,cluster,survival,11,0.0012,180
180,R,cov2cor,stats,11,0.0012,16
181,R,gls,nlme,11,0.0012,21
182,R,iv_robust,estimatr,11,0.0012,77
183,R,lp,mgcv,11,0.0012,25
184,R,lqs,MASS,11,0.0012,17
185,Python,pairwise_distances,sklearn.metrics,11,0.0018,62
186,R,profile,stats,11,0.0012,12
187,R,tobit,AER;VGAM,11,0.0012,12
188,Python,accuracy_score,sklearn.metrics,10,0.0016,28
189,R,dbinom,stats,10,0.0011,24
190,R,kernHAC,sandwich,10,0.0011,10
191,R,prop.test,stats,10,0.0011,71
192,R,qqline,stats,10,0.0011,18
193,R,raintest,lmtest,10,0.0011,10
194,Python,random_sample,numpy.random,10,0.0016,23
195,R,resettest,lmtest,10,0.0011,15
196,Python,rvs,scipy.stats,10,0.0016,136
197,R,vcovPC,sandwich,10,0.0011,34
198,R,vcovPL,sandwich,10,0.0011,14
199,R,constrOptim,stats,9,0.0010,30
200,R,corAR1,nlme,9,0.0010,12
201,R,dendrapply,stats,9,0.0010,24
202,R,fepois,fixest,9,0.0010,159
203,R,hatvalues,VGAM;stats,9,0.0010,11
204,R,pacf,stats,9,0.0010,29
205,R,pcauchy,stats,9,0.0010,35
206,R,qgamma,stats,9,0.0010,23
207,Python,rankdata,scipy.stats,9,0.0014,39
208,R,symnum,stats,9,0.0010,9
209,R,wilcox.test,stats,9,0.0010,12
210,R,Box.test,stats,8,0.0009,21
211,Python,ElasticNet,sklearn.linear_model,8,0.0013,52
212,Python,PCG64,numpy.random,8,0.0013,11
213,R,approx,stats,8,0.0009,19
214,R,arima.sim,stats,8,0.0009,15
215,Python,brentq,scipy.optimize,8,0.0013,12
216,R,coefplot,fixest,8,0.0009,31
217,R,constraints,VGAM,8,0.0009,8
218,R,coxph.control,survival,8,0.0009,35
219,R,crq,quantreg,8,0.0009,8
220,R,dlog,VGAM,8,0.0009,36
221,R,dummy,lme4,8,0.0009,8
222,R,dunif,stats,8,0.0009,28
223,R,embed,stats,8,0.0009,10
224,R,ks.test,stats,8,0.0009,103
225,R,model.offset,stats,8,0.0009,12
226,R,nlsList,nlme,8,0.0009,14
227,R,plot.ts,stats,8,0.0009,12
228,R,ppoints,stats,8,0.0009,24
229,R,qf,stats,8,0.0009,45
230,R,qunif,stats,8,0.0009,20
231,Python,r2_score,sklearn.metrics,8,0.0013,19
232,R,ranef,lme4;metafor;nlme;ordinal;plm,8,0.0009,25
233,R,rcauchy,stats,8,0.0009,13
234,R,rdrobust,rdrobust,8,0.0009,51
235,R,reset,lmtest,8,0.0009,14
236,R,rnbinom,stats,8,0.0009,8
237,Python,sf,scipy.stats,8,0.0013,78
238,R,tsdiag,stats,8,0.0009,22
239,Python,BFGS,scipy.optimize,7,0.0011,13
240,Python,Generator,numpy.random,7,0.0011,211
241,Python,add_constant,statsmodels,7,0.0011,12
242,R,ar,stats,7,0.0007,18
243,R,as.dist,stats,7,0.0007,11
244,R,augPred,nlme,7,0.0007,12
245,R,cox.zph,survival,7,0.0007,25
246,R,demean,fixest,7,0.0007,25
247,R,dropRollCall,pscl,7,0.0007,7
248,R,frailty,survival,7,0.0007,228
249,R,frequency,stats,7,0.0007,22
250,R,getME,lme4,7,0.0007,22
251,R,ideal,pscl,7,0.0007,7
252,R,kweights,sandwich,7,0.0007,40
253,R,l,fixest,7,0.0007,88
254,R,lmList,lme4;nlme,7,0.0007,12
255,R,lm_lin,estimatr,7,0.0007,44
256,R,maxLik,plm,7,0.0007,7
257,R,panel,fixest,7,0.0007,10
258,Python,pdf,scipy.stats,7,0.0011,162
259,Python,rbf_kernel,sklearn.metrics,7,0.0011,21
260,R,readKH,pscl,7,0.0007,7
261,R,rlogis,stats,7,0.0007,9
262,R,rweibull,stats,7,0.0007,7
263,Python,spearmanr,scipy.stats,7,0.0011,91
264,R,stepAIC,MASS,7,0.0007,18
265,R,tsp,stats,7,0.0007,8
266,R,varIdent,nlme,7,0.0007,17
267,R,varPower,nlme,7,0.0007,16
268,R,MatchBalance,Matching,6,0.0006,10
269,Python,NonlinearConstraint,scipy.optimize,6,0.0010,58
270,Python,Perceptron,sklearn.linear_model,6,0.0010,27
271,R,Predict,car,6,0.0006,10
272,Python,SGDClassifier,sklearn.linear_model,6,0.0010,18
273,R,SSlogis,stats,6,0.0006,10
274,R,aggregate.data.frame,stats,6,0.0006,11
275,Python,confusion_matrix,sklearn.metrics,6,0.0010,30
276,R,cov.rob,MASS,6,0.0006,7
277,R,dispersiontest,AER,6,0.0006,18
278,R,dotchart,survey,6,0.0006,26
279,Python,euclidean_distances,sklearn.metrics,6,0.0010,22
280,R,fitdistr,MASS,6,0.0006,18
281,R,gnls,nlme,6,0.0006,8
282,R,influence.measures,stats,6,0.0006,11
283,Python,lognormal,numpy.random,6,0.0010,23
284,R,lowess,stats,6,0.0006,7
285,Python,mean_squared_error,sklearn.metrics,6,0.0010,24
286,Python,mode,scipy.stats,6,0.0010,36
287,R,nlminb,stats,6,0.0006,9
288,Python,norm,scipy.stats,6,0.0010,20
289,Python,pareto,numpy.random,6,0.0010,15
290,R,prcomp,stats,6,0.0006,6
291,R,princomp,stats,6,0.0006,9
292,Python,roc_auc_score,sklearn.metrics,6,0.0010,75
293,R,setFixest_fml,fixest,6,0.0006,20
294,R,spectrum,stats,6,0.0006,23
295,R,stl,stats,6,0.0006,9
296,R,supsmu,stats,6,0.0006,14
297,R,ts.intersect,stats,6,0.0006,7
298,R,vcovBS,sandwich,6,0.0006,12
299,R,.getXlevels,stats,5,0.0005,5
300,R,C,stats,5,0.0005,9
301,R,StructTS,stats,5,0.0005,5
302,Python,adjusted_rand_score,sklearn.metrics,5,0.0008,12
303,R,area,MASS,5,0.0005,5
304,R,betareg,betareg,5,0.0005,10
305,Python,binom,scipy.stats,5,0.0008,10
306,R,clusters,betareg,5,0.0005,8
307,R,combos,quantreg,5,0.0005,5
308,R,cov.wt,stats,5,0.0005,8
309,R,decompose,stats,5,0.0005,5
310,R,difference_in_means,estimatr,5,0.0005,104
311,R,dnbinom,stats,5,0.0005,10
312,R,encomptest,lmtest,5,0.0005,5
313,R,expand.model.frame,stats,5,0.0005,6
314,R,femlm,fixest,5,0.0005,7
315,R,fft,stats,5,0.0005,21
316,R,fitstat,fixest,5,0.0005,17
317,R,getData,lme4;nlme,5,0.0005,6
318,R,gqtest,lmtest,5,0.0005,5
319,Python,group_columns,scipy.optimize,5,0.0008,10
320,R,harvtest,lmtest,5,0.0005,5
321,R,horvitz_thompson,estimatr,5,0.0005,94
322,R,is.ts,stats,5,0.0005,10
323,Python,kendalltau,scipy.stats,5,0.0008,50
324,Python,kstest,scipy.stats,5,0.0008,16
325,Python,linear_sum_assignment,scipy.optimize,5,0.0008,17
326,R,lm_robust_fit,estimatr,5,0.0005,13
327,R,lsfit,stats,5,0.0005,9
328,Python,make_scorer,sklearn.metrics,5,0.0008,42
329,R,pFtest,plm,5,0.0005,5
330,R,pdDiag,nlme,5,0.0005,24
331,R,pgmm,plm,5,0.0005,5
332,R,phtest,plm,5,0.0005,5
333,R,plmtest,plm,5,0.0005,5
334,Python,pmf,scipy.stats,5,0.0008,61
335,R,pnbinom,stats,5,0.0005,24
336,R,pweibull,stats,5,0.0005,18
337,R,qqplot,stats,5,0.0005,5
338,R,qzipois,VGAM,5,0.0005,5
339,Python,recall_score,sklearn.metrics,5,0.0008,21
340,R,rgeom,stats,5,0.0005,5
341,R,rstandard,stats,5,0.0005,12
342,R,rzipois,VGAM,5,0.0005,5
343,R,shapiro.test,stats,5,0.0005,17
344,R,smooth,stats,5,0.0005,67
345,R,spline,stats,5,0.0005,7
346,R,summary.lm,stats,5,0.0005,7
347,Python,v_measure_score,sklearn.metrics,5,0.0008,16
348,R,vcovOPG,sandwich,5,0.0005,5
349,R,vcovSCC,plm,5,0.0005,5
350,Python,Halton,scipy.stats,4,0.0006,24
351,R,HoltWinters,stats,4,0.0004,4
352,R,Initialize,nlme,4,0.0004,16
353,Python,LinearConstraint,scipy.optimize,4,0.0006,21
354,R,Null,MASS,4,0.0004,4
355,Python,OrthogonalMatchingPursuit,sklearn.linear_model,4,0.0006,6
356,R,Recode,car,4,0.0004,6
357,R,SSasymp,stats,4,0.0004,5
358,R,SSasympOff,stats,4,0.0004,9
359,Python,Sobol,scipy.stats,4,0.0006,11
360,Python,WLS,statsmodels,4,0.0006,7
361,Python,acf,statsmodels,4,0.0006,5
362,R,alias,stats,4,0.0004,4
363,R,ar.yw,stats,4,0.0004,7
364,Python,average_precision_score,sklearn.metrics,4,0.0006,39
365,R,bam,mgcv,4,0.0004,5
366,R,bin,fixest,4,0.0004,9
367,R,bw.SJ,stats,4,0.0004,5
368,Python,check_grad,scipy.optimize,4,0.0006,5
369,Python,chi2,scipy.stats,4,0.0006,6
370,R,cophenetic,stats,4,0.0004,8
371,R,d,fixest,4,0.0004,13
372,R,dcauchy,stats,4,0.0004,8
373,R,dchisq,stats,4,0.0004,16
374,R,dexp,stats,4,0.0004,8
375,R,dgeom,stats,4,0.0004,8
376,R,dhyper,stats,4,0.0004,8
377,R,dlnorm,stats,4,0.0004,8
378,R,dlogis,stats,4,0.0004,8
379,R,dweibull,stats,4,0.0004,8
380,R,dwilcox,stats,4,0.0004,8
381,R,fdHess,nlme,4,0.0004,4
382,R,feNmlm,fixest,4,0.0004,8
383,R,fenegbin,fixest,4,0.0004,8
384,R,fisher.test,stats,4,0.0004,53
385,Python,fsolve,scipy.optimize,4,0.0006,4
386,R,gamSim,mgcv,4,0.0004,9
387,Python,get_scorer,sklearn.metrics,4,0.0006,23
388,R,kernel,stats,4,0.0004,8
389,Python,ks_2samp,scipy.stats,4,0.0006,11
390,R,ksmooth,stats,4,0.0004,17
391,Python,kurtosis,scipy.stats,4,0.0006,23
392,R,lm.wfit,stats,4,0.0004,8
393,R,magic,mgcv,4,0.0004,9
394,Python,mquantiles,scipy.stats,4,0.0006,4
395,Python,newton,scipy.optimize,4,0.0006,47
396,R,nlrq,quantreg,4,0.0004,4
397,R,optimHess,stats,4,0.0004,5
398,Python,pearsonr,scipy.stats,4,0.0006,42
399,R,pexp,stats,4,0.0004,16
400,R,pgeom,stats,4,0.0004,16
401,R,phyper,stats,4,0.0004,16
402,R,plnorm,stats,4,0.0004,16
403,Python,precision_score,sklearn.metrics,4,0.0006,12
404,R,pwilcox,stats,4,0.0004,16
405,R,qcauchy,stats,4,0.0004,16
406,R,qexp,stats,4,0.0004,16
407,R,qgeom,stats,4,0.0004,16
408,R,qhyper,stats,4,0.0004,16
409,R,qlnorm,stats,4,0.0004,16
410,R,qlogis,stats,4,0.0004,16
411,R,qnbinom,stats,4,0.0004,16
412,R,qweibull,stats,4,0.0004,16
413,R,qwilcox,stats,4,0.0004,16
414,R,rational,MASS,4,0.0004,36
415,R,rdbwselect,rdrobust,4,0.0004,22
416,R,rearrange,quantreg,4,0.0004,4
417,R,rf,stats,4,0.0004,4
418,R,rhyper,stats,4,0.0004,4
419,Python,root_scalar,scipy.optimize,4,0.0006,16
420,R,rwilcox,stats,4,0.0004,4
421,Python,skew,scipy.stats,4,0.0006,20
422,R,smooth.spline,stats,4,0.0004,4
423,Python,standard_normal,numpy.random,4,0.0006,12
424,R,vcovBK,plm,4,0.0004,76
425,R,ACF,nlme,3,0.0003,9
426,Python,ARDRegression,sklearn.linear_model,3,0.0005,11
427,R,Cv_to_Vv,lme4,3,0.0003,3
428,Python,LogisticRegressionCV,sklearn.linear_model,3,0.0005,33
429,Python,MT19937,numpy.random,3,0.0005,178
430,Python,PassiveAggressiveClassifier,sklearn.linear_model,3,0.0005,17
431,Python,ScalarFunction,scipy.optimize,3,0.0005,12
432,Python,SeedSequence,numpy.random,3,0.0005,9
433,R,Variogram,nlme,3,0.0003,9
434,R,Vv_to_Cv,lme4,3,0.0003,3
435,Python,approx_derivative,scipy.optimize,3,0.0005,71
436,R,bandwidth.rq,quantreg,3,0.0003,6
437,Python,bernoulli,scipy.stats,3,0.0005,6
438,Python,beta,scipy.stats,3,0.0005,6
439,Python,brier_score_loss,sklearn.metrics,3,0.0005,21
440,R,case.names,VGAM;stats,3,0.0003,3
441,Python,check_scoring,sklearn.metrics,3,0.0005,11
442,Python,chisquare,numpy.random,3,0.0005,5
443,R,coeftable,fixest,3,0.0003,8
444,R,confint.default,stats,3,0.0003,50
445,R,conley,fixest,3,0.0003,9
446,R,corCAR1,nlme,3,0.0003,3
447,R,corCompSymm,nlme,3,0.0003,6
448,R,corMatrix,nlme,3,0.0003,10
449,R,corSymm,nlme,3,0.0003,5
450,R,cycle,stats,3,0.0003,4
451,R,declaration_to_condition_pr_mat,estimatr,3,0.0003,26
452,Python,entropy,scipy.stats,3,0.0005,53
453,R,eqscplot,MASS,3,0.0003,31
454,Python,exponential,numpy.random,3,0.0005,5
455,Python,f1_score,sklearn.metrics,3,0.0005,10
456,R,family,stats,3,0.0003,3
457,R,findbars,lme4,3,0.0003,3
458,Python,gaussian_kde,scipy.stats,3,0.0005,3
459,R,gen_pr_matrix_cluster,estimatr,3,0.0003,5
460,R,getCall,stats,3,0.0003,3
461,R,getFixest_notes,fixest,3,0.0003,10
462,R,getFixest_nthreads,fixest,3,0.0003,9
463,R,glmmPQL,MASS,3,0.0003,5
464,R,kde2d,MASS,3,0.0003,4
465,R,lFormula,lme4,3,0.0003,9
466,Python,linregress,scipy.stats,3,0.0005,23
467,R,loess.smooth,stats,3,0.0003,6
468,Python,log_loss,sklearn.metrics,3,0.0005,19
469,Python,logcdf,scipy.stats,3,0.0005,20
470,Python,logpdf,scipy.stats,3,0.0005,42
471,Python,logpmf,scipy.stats,3,0.0005,20
472,R,lrtest.default,lmtest,3,0.0003,3
473,Python,mannwhitneyu,scipy.stats,3,0.0005,65
474,Python,mean,scipy.stats,3,0.0005,22
475,R,medsens,mediation,3,0.0003,11
476,R,mkDataTemplate,lme4,3,0.0003,3
477,R,mkMerMod,lme4,3,0.0003,3
478,R,mkParsTemplate,lme4,3,0.0003,3
479,R,mlist2vec,lme4,3,0.0003,3
480,Python,moment,scipy.stats,3,0.0005,39
481,R,na.contiguous,stats,3,0.0003,3
482,R,ncvTest,car,3,0.0003,6
483,Python,normalized_mutual_info_score,sklearn.metrics,3,0.0005,11
484,Python,normaltest,scipy.stats,3,0.0005,12
485,R,optimise,stats,3,0.0003,4
486,R,optimizeLmer,lme4,3,0.0003,3
487,R,pR2,pscl,3,0.0003,61
488,Python,pairwise_distances_argmin,sklearn.metrics,3,0.0005,5
489,Python,pairwise_kernels,sklearn.metrics,3,0.0005,15
490,R,parcoord,MASS,3,0.0003,4
491,R,pdBlocked,nlme,3,0.0003,4
492,Python,precision_recall_curve,sklearn.metrics,3,0.0005,15
493,R,predict.gam,mgcv,3,0.0003,5
494,R,pspline,survival,3,0.0003,5
495,R,refitML,lme4,3,0.0003,9
496,R,rlm,MASS,3,0.0003,26
497,R,rmultinom,stats,3,0.0003,4
498,R,round2,VGAM,3,0.0003,179
499,R,rq.fit,quantreg,3,0.0003,7
500,R,rq.fit.br,quantreg,3,0.0003,9
501,R,rq.wfit,quantreg,3,0.0003,6
502,Python,sample,numpy.random,3,0.0005,6
503,R,scatter.smooth,stats,3,0.0003,18
504,Python,scoreatpercentile,scipy.stats,3,0.0005,16
505,Python,sem,scipy.stats,3,0.0005,10
506,R,setFixest_etable,fixest,3,0.0003,3
507,Python,stats,scipy.stats,3,0.0005,69
508,R,step,stats,3,0.0003,6
509,R,survreg,survival,3,0.0003,33
510,R,truehist,MASS,3,0.0003,14
511,R,tstat,fixest,3,0.0003,6
512,Python,var,scipy.stats,3,0.0005,21
513,R,vec2mlist,lme4,3,0.0003,3
514,R,vis.gam,mgcv,3,0.0003,9
515,R,.checkMFClasses,stats,2,0.0002,4
516,R,.lm.fit,stats,2,0.0002,4
517,Python,BayesianRidge,sklearn.linear_model,2,0.0003,12
518,R,Boot,car,2,0.0002,2
519,Python,DescrStatsW,statsmodels,2,0.0003,3
520,Python,ElasticNetCV,sklearn.linear_model,2,0.0003,18
521,R,GenMatch,Matching,2,0.0002,5
522,Python,IVGMM,linearmodels,2,0.0003,2
523,Python,LassoCV,sklearn.linear_model,2,0.0003,13
524,Python,LassoLarsIC,sklearn.linear_model,2,0.0003,3
525,Python,MultiTaskElasticNet,sklearn.linear_model,2,0.0003,8
526,Python,PreparedConstraint,scipy.optimize,2,0.0003,13
527,R,Rank,VGAM,2,0.0002,4
528,Python,RidgeCV,sklearn.linear_model,2,0.0003,30
529,Python,RidgeClassifier,sklearn.linear_model,2,0.0003,8
530,Python,SGDRegressor,sklearn.linear_model,2,0.0003,6
531,Python,SR1,scipy.optimize,2,0.0003,8
532,R,SSfol,stats,2,0.0002,5
533,Python,_broadcast_concatenate,scipy.stats,2,0.0003,2
534,Python,_remove_redundancy_id,scipy.optimize,2,0.0003,2
535,Python,_remove_redundancy_pivot_dense,scipy.optimize,2,0.0003,3
536,Python,_remove_redundancy_pivot_sparse,scipy.optimize,2,0.0003,2
537,Python,_remove_redundancy_svd,scipy.optimize,2,0.0003,3
538,Python,_ttest_finish,scipy.stats,2,0.0003,2
539,R,addterm,MASS,2,0.0002,3
540,Python,approx_fprime,scipy.optimize,2,0.0003,2
541,Python,auc,sklearn.metrics,2,0.0003,15
542,Python,basinhopping,scipy.optimize,2,0.0003,19
543,Python,beta,numpy.random,2,0.0003,2
544,R,binom.test,stats,2,0.0002,5
545,R,boot.rq,quantreg,2,0.0002,3
546,R,boot.rq.wxy,quantreg,2,0.0002,4
547,Python,brunnermunzel,scipy.stats,2,0.0003,30
548,R,calibrate,VGAM;survey,2,0.0002,11
549,Python,chi2_kernel,sklearn.metrics,2,0.0003,11
550,Python,chisquare,scipy.stats,2,0.0003,11
551,R,clm,ordinal,2,0.0002,112
552,R,clmm,ordinal,2,0.0002,7
553,R,clogit,survival,2,0.0002,7
554,R,coef_test,clubSandwich,2,0.0002,5
555,R,collinearity,fixest,2,0.0002,2
556,R,commarobust,estimatr,2,0.0002,13
557,R,compareFits,nlme,2,0.0002,3
558,Python,consensus_score,sklearn.metrics,2,0.0003,14
559,Python,contingency_matrix,sklearn.metrics,2,0.0003,8
560,R,contr.sdif,MASS,2,0.0002,6
561,R,cooks.distance,stats,2,0.0002,5
562,Python,cosine_distances,sklearn.metrics,2,0.0003,5
563,Python,crosstab,scipy.stats,2,0.0003,10
564,Python,curve_fit,scipy.optimize,2,0.0003,35
565,Python,describe,scipy.stats,2,0.0003,9
566,Python,det_curve,sklearn.metrics,2,0.0003,10
567,Python,differential_evolution,scipy.optimize,2,0.0003,25
568,Python,dirichlet,numpy.random,2,0.0003,10
569,R,drop.terms,stats,2,0.0002,2
570,R,dropterm,MASS,2,0.0002,6
571,R,ellipse,car,2,0.0002,8
572,R,esttable,fixest,2,0.0002,2
573,Python,f_oneway,scipy.stats,2,0.0003,19
574,Python,fbeta_score,sklearn.metrics,2,0.0003,23
575,R,finegray,survival,2,0.0002,2
576,Python,fixed_point,scipy.optimize,2,0.0003,9
577,Python,fmin,scipy.optimize,2,0.0003,2
578,Python,fmin_bfgs,scipy.optimize,2,0.0003,2
579,Python,fmin_slsqp,scipy.optimize,2,0.0003,14
580,R,fractions,MASS,2,0.0002,4
581,Python,friedmanchisquare,scipy.stats,2,0.0003,8
582,R,getFixest_dict,fixest,2,0.0002,5
583,R,getGroups,nlme,2,0.0002,8
584,R,getInitial,stats,2,0.0002,3
585,R,glm.fit,stats,2,0.0002,6
586,R,glmerControl,lme4,2,0.0002,7
587,Python,gmean,scipy.stats,2,0.0003,3
588,R,groupedData,nlme,2,0.0002,2
589,R,hadamard,survey,2,0.0002,3
590,R,hc,metafor,2,0.0002,11
591,R,hubers,MASS,2,0.0002,5
592,Python,hypergeometric,numpy.random,2,0.0003,8
593,Python,interval,scipy.stats,2,0.0003,6
594,R,iplot,fixest,2,0.0002,12
595,Python,iqr,scipy.stats,2,0.0003,111
596,Python,items,sklearn.metrics,2,0.0003,4
597,Python,jaccard_score,sklearn.metrics,2,0.0003,31
598,Python,kernel_metrics,sklearn.metrics,2,0.0003,2
599,R,kmeans,stats,2,0.0002,3
600,Python,kruskal,scipy.stats,2,0.0003,14
601,Python,ks_1samp,scipy.stats,2,0.0003,4
602,Python,kurtosistest,scipy.stats,2,0.0003,15
603,Python,lars_path,sklearn.linear_model,2,0.0003,2
604,R,latex.table,quantreg,2,0.0002,9
605,Python,least_squares,scipy.optimize,2,0.0003,60
606,R,lh_robust,estimatr,2,0.0002,8
607,Python,line_search_wolfe1,scipy.optimize,2,0.0003,2
608,Python,line_search_wolfe2,scipy.optimize,2,0.0003,3
609,R,linkfun,VGAM,2,0.0002,5
610,R,lmeControl,nlme,2,0.0002,7
611,R,lmerControl,lme4,2,0.0002,8
612,Python,lognorm,scipy.stats,2,0.0003,2
613,Python,logseries,numpy.random,2,0.0003,2
614,R,lrtest,VGAM;lmtest,2,0.0002,3
615,Python,make_dataset,sklearn.linear_model,2,0.0003,5
616,Python,make_strictly_feasible,scipy.optimize,2,0.0003,6
617,Python,mean_poisson_deviance,sklearn.metrics,2,0.0003,6
618,R,medpolish,stats,2,0.0002,2
619,Python,minimize_scalar,scipy.optimize,2,0.0003,2
620,R,model.tables,stats,2,0.0002,3
621,Python,multinomial,numpy.random,2,0.0003,8
622,Python,nan_euclidean_distances,sklearn.metrics,2,0.0003,22
623,R,naprint,stats,2,0.0002,2
624,R,negative.binomial,MASS;lme4,2,0.0002,3
625,Python,new_bounds_to_old,scipy.optimize,2,0.0003,8
626,R,nls.control,stats,2,0.0002,2
627,R,numericDeriv,stats,2,0.0002,2
628,Python,obrientransform,scipy.stats,2,0.0003,7
629,R,obs,fixest,2,0.0002,4
630,R,pbinorm,VGAM,2,0.0002,43
631,R,pdCompSymm,nlme,2,0.0002,2
632,R,pdIdent,nlme,2,0.0002,8
633,R,permutations_to_condition_pr_mat,estimatr,2,0.0002,15
634,Python,pointbiserialr,scipy.stats,2,0.0003,4
635,R,power.t.test,stats,2,0.0002,4
636,R,predict.glm,stats,2,0.0002,52
637,R,predict.lm,stats,2,0.0002,11
638,Python,projections,scipy.optimize,2,0.0003,24
639,R,pvalue,fixest,2,0.0002,7
640,Python,randint,scipy.stats,2,0.0003,2
641,Python,rayleigh,numpy.random,2,0.0003,3
642,R,recode,car,2,0.0002,343
643,R,reporter,metafor,2,0.0002,2
644,R,rmvn,mgcv,2,0.0002,4
645,Python,roc_curve,sklearn.metrics,2,0.0003,24
646,R,se.contrast,stats,2,0.0002,3
647,R,selfStart,stats,2,0.0002,3
648,R,setFixest_coefplot,fixest,2,0.0002,2
649,R,sfn.control,quantreg,2,0.0002,3
650,Python,shgo,scipy.optimize,2,0.0003,22
651,R,simulate.lme,nlme,2,0.0002,5
652,Python,skewtest,scipy.stats,2,0.0003,13
653,R,starprep,estimatr,2,0.0002,18
654,R,studres,MASS,2,0.0002,7
655,R,summary.glm,stats,2,0.0002,4
656,R,te,mgcv,2,0.0002,3
657,R,test.modmed,mediation,2,0.0002,6
658,Python,theilslopes,scipy.stats,2,0.0003,5
659,Python,trimboth,scipy.stats,2,0.0003,10
660,Python,trimmed_mean,scipy.stats,2,0.0003,4
661,R,ts.union,stats,2,0.0002,2
662,Python,ttest_1samp,scipy.stats,2,0.0003,34
663,Python,ttest_ind,scipy.stats,2,0.0003,87
664,Python,ttest_rel,scipy.stats,2,0.0003,27
665,Python,uniform,scipy.stats,2,0.0003,5
666,R,var.test,stats,2,0.0002,4
667,R,varWeights,nlme,2,0.0002,6
668,Python,variation,scipy.stats,2,0.0003,9
669,R,wald,fixest,2,0.0002,6
670,R,waldtest.default,lmtest,2,0.0002,2
671,Python,zmap,scipy.stats,2,0.0003,11
672,Python,zscore,scipy.stats,2,0.0003,21
673,Python,ARIMA,statsmodels,1,0.0002,1
674,Python,AdaptiveStepsize,scipy.optimize,1,0.0002,1
675,Python,Anderson,scipy.optimize,1,0.0002,2
676,Python,Binomial,statsmodels,1,0.0002,1
677,Python,BroydenFirst,scipy.optimize,1,0.0002,3
678,Python,BroydenSecond,scipy.optimize,1,0.0002,3
679,Python,CL_scaling_vector,scipy.optimize,1,0.0002,1
680,R,Coef,VGAM,1,0.0001,35
681,Python,Complex,scipy.optimize,1,0.0002,1
682,Python,ConfusionMatrixDisplay,sklearn.metrics,1,0.0002,5
683,Python,DifferentialEvolutionSolver,scipy.optimize,1,0.0002,48
684,Python,ECDF,statsmodels,1,0.0002,1
685,Python,EnergyState,scipy.optimize,1,0.0002,2
686,Python,EpsilonInsensitive,sklearn.linear_model,1,0.0002,1
687,Python,GammaRegressor,sklearn.linear_model,1,0.0002,2
688,Python,GeneralizedLinearRegressor,sklearn.linear_model,1,0.0002,22
689,Python,Hinge,sklearn.linear_model,1,0.0002,2
690,Python,Huber,sklearn.linear_model,1,0.0002,1
691,Python,HuberRegressor,sklearn.linear_model,1,0.0002,11
692,Python,IdentityLink,sklearn.linear_model,1,0.0002,1
693,Python,IdentityVectorFunction,scipy.optimize,1,0.0002,3
694,Python,IterativeSubproblem,scipy.optimize,1,0.0002,7
695,Python,Ks_2sampResult,scipy.stats,1,0.0002,1
696,Python,Lars,sklearn.linear_model,1,0.0002,1
697,Python,LassoLars,sklearn.linear_model,1,0.0002,1
698,Python,LassoLarsCV,sklearn.linear_model,1,0.0002,1
699,Python,LatinHypercube,scipy.stats,1,0.0002,1
700,Python,LinearVectorFunction,scipy.optimize,1,0.0002,7
701,Python,Log,sklearn.linear_model,1,0.0002,1
702,Python,LogLink,sklearn.linear_model,1,0.0002,1
703,Python,MemoizeJac,scipy.optimize,1,0.0002,3
704,Python,Metropolis,scipy.optimize,1,0.0002,2
705,Python,ModifiedHuber,sklearn.linear_model,1,0.0002,1
706,Python,MultiTaskElasticNetCV,sklearn.linear_model,1,0.0002,9
707,Python,MultiTaskLasso,sklearn.linear_model,1,0.0002,4
708,Python,MultiTaskLassoCV,sklearn.linear_model,1,0.0002,5
709,Python,MultinomialQMC,scipy.stats,1,0.0002,8
710,Python,MultivariateNormalQMC,scipy.stats,1,0.0002,33
711,R,Munge,quantreg,1,0.0001,1
712,R,NLSstClosestX,stats,1,0.0001,3
713,Python,NumericalInverseHermite,scipy.stats,1,0.0002,13
714,Python,ObjectiveFunWrapper,scipy.optimize,1,0.0002,1
715,Python,OrthogonalMatchingPursuitCV,sklearn.linear_model,1,0.0002,1
716,Python,PanelOLS,linearmodels,1,0.0002,3
717,Python,PassiveAggressiveRegressor,sklearn.linear_model,1,0.0002,4
718,Python,Philox,numpy.random,1,0.0002,1
719,Python,PoissonRegressor,sklearn.linear_model,1,0.0002,2
720,Python,PrecisionRecallDisplay,sklearn.metrics,1,0.0002,1
721,R,QTECox,quantreg,1,0.0001,1
722,Python,RANSACRegressor,sklearn.linear_model,1,0.0002,37
723,Python,RandomDisplacement,scipy.optimize,1,0.0002,2
724,Python,RidgeClassifierCV,sklearn.linear_model,1,0.0002,9
725,Python,RocCurveDisplay,sklearn.metrics,1,0.0002,1
726,Python,RootResults,scipy.optimize,1,0.0002,2
727,R,S,car,1,0.0001,8
728,Python,SHGO,scipy.optimize,1,0.0002,2
729,R,SSbiexp,stats,1,0.0001,2
730,Python,SeedlessSeedSequence,numpy.random,1,0.0002,1
731,Python,SquaredEpsilonInsensitive,sklearn.linear_model,1,0.0002,1
732,Python,SquaredHinge,sklearn.linear_model,1,0.0002,1
733,Python,SquaredLoss,sklearn.linear_model,1,0.0002,1
734,Python,Storage,scipy.optimize,1,0.0002,1
735,Python,StrategyChain,scipy.optimize,1,0.0002,1
736,Python,TheilSenRegressor,sklearn.linear_model,1,0.0002,14
737,R,TukeyHSD,stats,1,0.0001,2
738,Python,TweedieRegressor,sklearn.linear_model,1,0.0002,3
739,Python,VectorFunction,scipy.optimize,1,0.0002,6
740,Python,VisitingDistribution,scipy.optimize,1,0.0002,2
741,R,Wald_test,clubSandwich,1,0.0001,2
742,Python,_ConstraintWrapper,scipy.optimize,1,0.0002,5
743,Python,_LPProblem,scipy.optimize,1,0.0002,33
744,Python,_MultimetricScorer,sklearn.metrics,1,0.0002,4
745,Python,_PSD,scipy.stats,1,0.0002,3
746,Python,_RidgeGCV,sklearn.linear_model,1,0.0002,3
747,Python,_X_CenterStackOp,sklearn.linear_model,1,0.0002,1
748,Python,_adjust_scheme_to_bounds,scipy.optimize,1,0.0002,12
749,Python,_argcheck,scipy.stats,1,0.0002,1
750,Python,_argus_phi,scipy.stats,1,0.0002,1
751,Python,_average_binary_score,sklearn.metrics,1,0.0002,1
752,Python,_beta_cdf,scipy.stats,1,0.0002,1
753,Python,_beta_isf,scipy.stats,1,0.0002,1
754,Python,_beta_kurtosis_excess,scipy.stats,1,0.0002,1
755,Python,_beta_mean,scipy.stats,1,0.0002,1
756,Python,_beta_pdf,scipy.stats,1,0.0002,1
757,Python,_beta_ppf,scipy.stats,1,0.0002,1
758,Python,_beta_sf,scipy.stats,1,0.0002,1
759,Python,_beta_skewness,scipy.stats,1,0.0002,1
760,Python,_beta_variance,scipy.stats,1,0.0002,1
761,Python,_binary_search_for_binom_tst,scipy.stats,1,0.0002,2
762,Python,_binom_cdf,scipy.stats,1,0.0002,1
763,Python,_binom_isf,scipy.stats,1,0.0002,1
764,Python,_binom_kurtosis_excess,scipy.stats,1,0.0002,1
765,Python,_binom_mean,scipy.stats,1,0.0002,1
766,Python,_binom_pdf,scipy.stats,1,0.0002,1
767,Python,_binom_ppf,scipy.stats,1,0.0002,1
768,Python,_binom_sf,scipy.stats,1,0.0002,1
769,Python,_binom_skewness,scipy.stats,1,0.0002,1
770,Python,_binom_variance,scipy.stats,1,0.0002,1
771,Python,_breakdown_point,sklearn.linear_model,1,0.0002,1
772,Python,_calc_t_stat,scipy.stats,1,0.0002,1
773,Python,_categorize,scipy.stats,1,0.0002,1
774,Python,_cdf,scipy.stats,1,0.0002,1
775,Python,_cdf_cvm,scipy.stats,1,0.0002,11
776,Python,_cdfvec,scipy.stats,1,0.0002,1
777,Python,_check_gcv_mode,sklearn.linear_model,1,0.0002,3
778,Python,_check_multimetric_scoring,sklearn.metrics,1,0.0002,6
779,Python,_check_reg_targets,sklearn.metrics,1,0.0002,3
780,Python,_check_targets,sklearn.metrics,1,0.0002,7
781,Python,_check_unknown_options,scipy.optimize,1,0.0002,1
782,Python,_cho_inv_batch,scipy.stats,1,0.0002,1
783,Python,_clean_inputs,scipy.optimize,1,0.0002,19
784,Python,_compute_absolute_step,scipy.optimize,1,0.0002,1
785,Python,_compute_prob_inside_method,scipy.stats,1,0.0002,1
786,Python,_contains_nan,scipy.stats,1,0.0002,1
787,Python,_count_paths_outside_method,scipy.stats,1,0.0002,1
788,Python,_cscramble,scipy.stats,1,0.0002,1
789,Python,_cy_wrapper_update_discrepancy,scipy.stats,1,0.0002,1
790,Python,_data_partitions,scipy.stats,1,0.0002,1
791,Python,_dcg_sample_scores,sklearn.metrics,1,0.0002,13
792,Python,_draw,scipy.stats,1,0.0002,2
793,Python,_dynamic_max_trials,sklearn.linear_model,1,0.0002,12
794,Python,_eps_for_method,scipy.optimize,1,0.0002,5
795,Python,_euclidean_distances_upcast,sklearn.metrics,1,0.0002,2
796,Python,_fast_forward,scipy.stats,1,0.0002,2
797,Python,_fill_p_cumulative,scipy.stats,1,0.0002,1
798,Python,_fitstart,scipy.stats,1,0.0002,8
799,Python,_generalized_average,sklearn.metrics,1,0.0002,2
800,Python,_get_support,scipy.stats,1,0.0002,4
801,Python,_huber_loss_and_gradient,sklearn.linear_model,1,0.0002,2
802,Python,_jaccard,sklearn.metrics,1,0.0002,4
803,Python,_kendall_p_exact,scipy.stats,1,0.0002,2
804,Python,_lars_path_residues,sklearn.linear_model,1,0.0002,1
805,Python,_lmder,scipy.optimize,1,0.0002,1
806,Python,_lmdif,scipy.optimize,1,0.0002,1
807,Python,_lnB,scipy.stats,1,0.0002,1
808,Python,_log_reg_scoring_path,sklearn.linear_model,1,0.0002,1
809,Python,_logistic_grad_hess,sklearn.linear_model,1,0.0002,4
810,Python,_logistic_loss,sklearn.linear_model,1,0.0002,3
811,Python,_logistic_loss_and_grad,sklearn.linear_model,1,0.0002,7
812,Python,_logistic_regression_path,sklearn.linear_model,1,0.0002,2
813,Python,_modified_weiszfeld_step,sklearn.linear_model,1,0.0002,7
814,Python,_multinomial_grad_hess,sklearn.linear_model,1,0.0002,2
815,Python,_multinomial_grad_loss_all_samples,sklearn.linear_model,1,0.0002,1
816,Python,_multinomial_loss_grad,sklearn.linear_model,1,0.0002,2
817,Python,_munp,scipy.stats,1,0.0002,15
818,Python,_nbinom_cdf,scipy.stats,1,0.0002,1
819,Python,_nbinom_isf,scipy.stats,1,0.0002,1
820,Python,_nbinom_kurtosis_excess,scipy.stats,1,0.0002,1
821,Python,_nbinom_mean,scipy.stats,1,0.0002,1
822,Python,_nbinom_pdf,scipy.stats,1,0.0002,1
823,Python,_nbinom_ppf,scipy.stats,1,0.0002,1
824,Python,_nbinom_sf,scipy.stats,1,0.0002,1
825,Python,_nbinom_skewness,scipy.stats,1,0.0002,1
826,Python,_nbinom_variance,scipy.stats,1,0.0002,1
827,Python,_ndcg_sample_scores,sklearn.metrics,1,0.0002,4
828,Python,_pdf,scipy.stats,1,0.0002,5
829,Python,_ppf,scipy.stats,1,0.0002,1
830,Python,_preprocess_data,sklearn.linear_model,1,0.0002,17
831,Python,_pval_cvm_2samp_exact,scipy.stats,1,0.0002,1
832,Python,_reduce_func,scipy.stats,1,0.0002,4
833,Python,_rescale_data,sklearn.linear_model,1,0.0002,1
834,Python,_score,scipy.optimize,1,0.0002,2
835,Python,_set_order,sklearn.linear_model,1,0.0002,2
836,Python,_solve_cholesky,sklearn.linear_model,1,0.0002,1
837,Python,_solve_cholesky_kernel,sklearn.linear_model,1,0.0002,1
838,Python,_spatial_median,sklearn.linear_model,1,0.0002,3
839,Python,_test_find_index,scipy.stats,1,0.0002,5
840,Python,_to_corr,scipy.stats,1,0.0002,5
841,R,add_s.weights,MatchIt,1,0.0001,1
842,Python,additive_chi2_kernel,sklearn.metrics,1,0.0002,2
843,Python,adjusted_mutual_info_score,sklearn.metrics,1,0.0002,5
844,Python,alexandergovern,scipy.stats,1,0.0002,17
845,Python,anderson,scipy.optimize,1,0.0002,1
846,R,anova.rqlist,quantreg,1,0.0001,2
847,Python,argsreduce,scipy.stats,1,0.0002,3
848,Python,argus,scipy.stats,1,0.0002,3
849,R,asTable,nlme,1,0.0001,1
850,Python,association,scipy.stats,1,0.0002,1
851,R,balancedGrouped,nlme,1,0.0001,1
852,Python,balanced_accuracy_score,sklearn.metrics,1,0.0002,3
853,Python,barnard_exact,scipy.stats,1,0.0002,9
854,Python,betabinom,scipy.stats,1,0.0002,2
855,Python,betaprime,scipy.stats,1,0.0002,1
856,Python,binned_statistic,scipy.stats,1,0.0002,29
857,Python,binned_statistic_2d,scipy.stats,1,0.0002,20
858,Python,binned_statistic_dd,scipy.stats,1,0.0002,25
859,Python,binom_test,scipy.stats,1,0.0002,6
860,R,biplot,VGAM;stats,1,0.0001,1
861,R,boot.crq,quantreg,1,0.0001,1
862,R,boot.rq.mcmb,quantreg,1,0.0001,1
863,R,boot.rq.pwy,quantreg,1,0.0001,2
864,R,boot.rq.spwy,quantreg,1,0.0001,1
865,R,boot.rq.xy,quantreg,1,0.0001,2
866,R,bootMer,lme4,1,0.0001,1
867,Python,bootstrap,scipy.stats,1,0.0002,28
868,Python,boschloo_exact,scipy.stats,1,0.0002,8
869,Python,box_intersections,scipy.optimize,1,0.0002,28
870,Python,box_sphere_intersections,scipy.optimize,1,0.0002,12
871,R,boxcox,MASS,1,0.0001,3
872,Python,broyden1,scipy.optimize,1,0.0002,1
873,Python,broyden2,scipy.optimize,1,0.0002,1
874,Python,brute,scipy.optimize,1,0.0002,3
875,Python,build_quadratic_1d,scipy.optimize,1,0.0002,5
876,Python,burr,scipy.stats,1,0.0002,3
877,R,bwNeweyWest,sandwich,1,0.0001,1
878,Python,bytes,numpy.random,1,0.0002,1
879,Python,calinski_harabasz_score,sklearn.metrics,1,0.0002,3
880,R,cancor,stats,1,0.0001,1
881,R,ccf,stats,1,0.0001,1
882,R,cdf,VGAM,1,0.0001,2
883,Python,check_clusterings,sklearn.metrics,1,0.0002,1
884,Python,check_derivative,scipy.optimize,1,0.0002,6
885,Python,check_paired_arrays,sklearn.metrics,1,0.0002,2
886,Python,check_pairwise_arrays,sklearn.metrics,1,0.0002,12
887,Python,chi2_contingency,scipy.stats,1,0.0002,8
888,Python,classification_report,sklearn.metrics,1,0.0002,13
889,R,cmdscale,stats,1,0.0001,1
890,R,coefci.default,lmtest,1,0.0001,3
891,R,coeftest.default,lmtest,1,0.0001,3
892,Python,cohen_kappa_score,sklearn.metrics,1,0.0002,8
893,Python,combine_pvalues,scipy.stats,1,0.0002,11
894,R,comparePred,nlme,1,0.0001,1
895,Python,compare_medians_ms,scipy.stats,1,0.0002,2
896,Python,concatenate,scipy.optimize,1,0.0002,1
897,R,contr.SAS,stats,1,0.0001,2
898,R,contr.helmert,stats,1,0.0001,1
899,R,contr.sum,stats,1,0.0001,1
900,R,contr.treatment,stats,1,0.0001,1
901,R,convergence,ordinal,1,0.0001,4
902,R,convolve,stats,1,0.0001,1
903,R,corARMA,nlme,1,0.0001,4
904,R,corExp,nlme,1,0.0001,5
905,R,corFactor,nlme,1,0.0001,1
906,R,corGaus,nlme,1,0.0001,1
907,R,corLin,nlme,1,0.0001,1
908,R,corRatio,nlme,1,0.0001,2
909,R,corSpher,nlme,1,0.0001,2
910,R,corresp,MASS,1,0.0001,4
911,Python,cov,scipy.stats,1,0.0002,12
912,R,cov.mcd,MASS,1,0.0001,1
913,R,cov.trob,MASS,1,0.0001,1
914,Python,coverage_error,sklearn.metrics,1,0.0002,43
915,R,cpgram,stats,1,0.0001,9
916,Python,cramervonmises,scipy.stats,1,0.0002,8
917,Python,cramervonmises_2samp,scipy.stats,1,0.0002,18
918,R,critval,quantreg,1,0.0001,1
919,R,crq.fit.pen,quantreg,1,0.0001,2
920,R,crq.fit.por,quantreg,1,0.0001,2
921,R,crq.fit.por2,quantreg,1,0.0001,1
922,R,crq.fit.pow,quantreg,1,0.0001,2
923,Python,crystalball,scipy.stats,1,0.0002,1
924,Python,cumfreq,scipy.stats,1,0.0002,3
925,R,cumulative,VGAM,1,0.0001,7
926,R,cv,survey,1,0.0001,2
927,Python,davies_bouldin_score,sklearn.metrics,1,0.0002,5
928,Python,dcg_score,sklearn.metrics,1,0.0002,2
929,Python,dcsrch,scipy.optimize,1,0.0002,1
930,R,degrees_freedom,fixest,1,0.0001,4
931,R,deltat,stats,1,0.0001,2
932,Python,diagbroyden,scipy.optimize,1,0.0002,1
933,Python,differential_entropy,scipy.stats,1,0.0002,18
934,R,diffinv,stats,1,0.0001,1
935,Python,dirichlet,scipy.stats,1,0.0002,6
936,Python,discrepancy,scipy.stats,1,0.0002,20
937,Python,dlaplace,scipy.stats,1,0.0002,3
938,R,dnorm2,VGAM,1,0.0001,1
939,R,dose.p,MASS,1,0.0001,2
940,R,drop1,stats,1,0.0001,1
941,Python,dual_annealing,scipy.optimize,1,0.0002,22
942,R,dummy.coef,stats,1,0.0001,1
943,Python,empty,scipy.optimize,1,0.0002,1
944,Python,energy_distance,scipy.stats,1,0.0002,16
945,Python,entropy,sklearn.metrics,1,0.0002,4
946,Python,epps_singleton_2samp,scipy.stats,1,0.0002,6
947,Python,eqp_kktfact,scipy.optimize,1,0.0002,3
948,R,erf,VGAM,1,0.0001,4
949,R,erfc,VGAM,1,0.0001,1
950,Python,estimate_smallest_singular_value,scipy.optimize,1,0.0002,1
951,Python,evaluate_quadratic,scipy.optimize,1,0.0002,4
952,Python,excitingmixing,scipy.optimize,1,0.0002,1
953,Python,expect,scipy.stats,1,0.0002,28
954,Python,expected_freq,scipy.stats,1,0.0002,3
955,Python,expected_mutual_information,sklearn.metrics,1,0.0002,2
956,R,expint,VGAM,1,0.0001,2
957,Python,explained_variance_score,sklearn.metrics,1,0.0002,7
958,Python,expon,scipy.stats,1,0.0002,2
959,R,extralines_register,fixest,1,0.0001,7
960,Python,f,numpy.random,1,0.0002,1
961,R,factanal,stats,1,0.0001,1
962,R,feglm.fit,fixest,1,0.0001,3
963,Python,find_active_constraints,scipy.optimize,1,0.0002,8
964,Python,find_repeats,scipy.stats,1,0.0002,2
965,Python,fisher_exact,scipy.stats,1,0.0002,7
966,Python,fit,scipy.stats,1,0.0002,66
967,R,fivenum,stats,1,0.0001,1
968,R,fixed.effects,nlme,1,0.0001,1
969,Python,fmin_cobyla,scipy.optimize,1,0.0002,3
970,Python,fmin_ncg,scipy.optimize,1,0.0002,1
971,Python,foldnorm,scipy.stats,1,0.0002,1
972,Python,fowlkes_mallows_score,sklearn.metrics,1,0.0002,8
973,Python,from_PreparedConstraint,scipy.optimize,1,0.0002,7
974,Python,from_formula,linearmodels,1,0.0002,15
975,R,fs.boundary,mgcv,1,0.0001,1
976,R,fs.test,mgcv,1,0.0001,2
977,Python,full_output_example,scipy.optimize,1,0.0002,1
978,R,funnel,metafor,1,0.0001,1
979,Python,gamma,scipy.stats,1,0.0002,2
980,Python,gamma,numpy.random,1,0.0002,2
981,Python,gamma_gen,scipy.stats,1,0.0002,1
982,Python,gammaln,scipy.stats,1,0.0002,2
983,R,gapply,nlme,1,0.0001,3
984,Python,genhyperbolic,scipy.stats,1,0.0002,8
985,Python,geninvgauss,scipy.stats,1,0.0002,6
986,Python,genpareto,scipy.stats,1,0.0002,9
987,Python,geom,scipy.stats,1,0.0002,1
988,Python,geometric,numpy.random,1,0.0002,1
989,R,getCovariate,nlme,1,0.0001,6
990,R,getGroupsFormula,nlme,1,0.0001,1
991,R,getResponseFormula,nlme,1,0.0001,1
992,R,getVarCov,nlme,1,0.0001,4
993,Python,get_auto_step_size,sklearn.linear_model,1,0.0002,2
994,R,get_matches,MatchIt,1,0.0001,1
995,Python,get_rdataset,statsmodels,1,0.0002,1
996,Python,get_state,numpy.random,1,0.0002,1
997,Python,get_tests,scipy.optimize,1,0.0002,1
998,Python,get_trlib_quadratic_subproblem,scipy.optimize,1,0.0002,2
999,Python,glm,statsmodels,1,0.0002,1
1000,R,glm.convert,MASS,1,0.0001,1
1001,R,glmer.nb,lme4,1,0.0001,2
1002,R,glsControl,nlme,1,0.0001,2
1003,R,gnlsControl,nlme,1,0.0001,1
1004,R,grangertest,lmtest,1,0.0001,1
1005,Python,gstd,scipy.stats,1,0.0002,15
1006,R,gsummary,nlme,1,0.0001,9
1007,Python,gumbel,numpy.random,1,0.0002,2
1008,Python,hamming_loss,sklearn.metrics,1,0.0002,11
1009,Python,haversine_distances,sklearn.metrics,1,0.0002,4
1010,Python,hdmedian,scipy.stats,1,0.0002,5
1011,Python,hdquantiles,scipy.stats,1,0.0002,8
1012,Python,hdquantiles_sd,scipy.stats,1,0.0002,2
1013,Python,hinge_loss,sklearn.metrics,1,0.0002,7
1014,Python,hmean,scipy.stats,1,0.0002,4
1015,Python,homogeneity_completeness_v_measure,sklearn.metrics,1,0.0002,6
1016,R,huber,MASS,1,0.0001,1
1017,Python,hypergeom,scipy.stats,1,0.0002,3
1018,Python,idealfourths,scipy.stats,1,0.0002,4
1019,R,inSide,mgcv,1,0.0001,1
1020,Python,initial_constraints_as_canonical,scipy.optimize,1,0.0002,2
1021,Python,initialize_direction_numbers,scipy.stats,1,0.0002,1
1022,Python,initialize_v,scipy.stats,1,0.0002,1
1023,R,interaction.plot,stats,1,0.0001,1
1024,Python,intersect_trust_region,scipy.optimize,1,0.0002,3
1025,Python,invgamma,scipy.stats,1,0.0002,1
1026,Python,invgauss,scipy.stats,1,0.0002,2
1027,Python,invwishart,scipy.stats,1,0.0002,3
1028,R,is.empty.model,stats,1,0.0001,1
1029,R,is.pbalanced,plm,1,0.0001,2
1030,R,is.stepfun,stats,1,0.0001,1
1031,Python,isf,scipy.stats,1,0.0002,29
1032,R,isoMDS,MASS,1,0.0001,3
1033,R,isoreg,stats,1,0.0001,1
1034,Python,itemfreq,scipy.stats,1,0.0002,3
1035,R,ivreg.fit,AER;ivreg,1,0.0001,1
1036,Python,jarque_bera,scipy.stats,1,0.0002,27
1037,Python,kappa4,scipy.stats,1,0.0002,1
1038,Python,kendalltau_seasonal,scipy.stats,1,0.0002,1
1039,Python,keys,sklearn.metrics,1,0.0002,1
1040,Python,keys,scipy.optimize,1,0.0002,1
1041,R,knots,stats,1,0.0001,1
1042,Python,kolmogn,scipy.stats,1,0.0002,3
1043,R,kselect,quantreg,1,0.0001,1
1044,R,kunique,quantreg,1,0.0001,1
1045,Python,label_ranking_average_precision_score,sklearn.metrics,1,0.0002,3
1046,Python,label_ranking_loss,sklearn.metrics,1,0.0002,34
1047,Python,laplace,numpy.random,1,0.0002,2
1048,Python,laplacian_kernel,sklearn.metrics,1,0.0002,1
1049,Python,lasso_path,sklearn.linear_model,1,0.0002,1
1050,R,lda,MASS,1,0.0001,9
1051,R,lead,plm,1,0.0001,938
1052,Python,least_squares,scipy.stats,1,0.0002,1
1053,Python,leastsq,scipy.optimize,1,0.0002,6
1054,Python,left_multiplied_operator,scipy.optimize,1,0.0002,1
1055,R,levene.test,car,1,0.0001,8
1056,Python,line_search_armijo,scipy.optimize,1,0.0002,1
1057,R,linearHypothesis.default,car,1,0.0001,1
1058,Python,linear_kernel,sklearn.metrics,1,0.0002,1
1059,Python,linearmixing,scipy.optimize,1,0.0002,1
1060,Python,linprog,scipy.optimize,1,0.0002,116
1061,R,lm.fit.recursive,quantreg,1,0.0001,2
1062,R,lm.influence,stats,1,0.0001,2
1063,R,loadings,stats,1,0.0001,4
1064,R,logistic,VGAM,1,0.0001,2
1065,Python,logistic,numpy.random,1,0.0002,1
1066,R,logit,car,1,0.0001,2
1067,Python,logit,statsmodels,1,0.0002,13
1068,R,loglm,MASS,1,0.0001,1
1069,Python,logser,scipy.stats,1,0.0002,1
1070,Python,logsf,scipy.stats,1,0.0002,17
1071,R,logtrans,MASS,1,0.0001,1
1072,Python,loguniform,scipy.stats,1,0.0002,1
1073,Python,loop_example,scipy.optimize,1,0.0002,4
1074,Python,lower,scipy.stats,1,0.0002,2
1075,Python,lsq_linear,scipy.optimize,1,0.0002,21
1076,R,make.formula,survey,1,0.0001,4
1077,Python,manhattan_distances,sklearn.metrics,1,0.0002,2
1078,Python,margins,scipy.stats,1,0.0002,4
1079,Python,matrix_normal,scipy.stats,1,0.0002,17
1080,Python,matthews_corrcoef,sklearn.metrics,1,0.0002,19
1081,Python,max_error,sklearn.metrics,1,0.0002,2
1082,R,mca,MASS,1,0.0001,1
1083,Python,mean_absolute_error,sklearn.metrics,1,0.0002,6
1084,Python,mean_absolute_percentage_error,sklearn.metrics,1,0.0002,6
1085,Python,mean_squared_log_error,sklearn.metrics,1,0.0002,8
1086,Python,mean_tweedie_deviance,sklearn.metrics,1,0.0002,25
1087,R,meatCL,sandwich,1,0.0001,1
1088,R,meatHAC,sandwich,1,0.0001,1
1089,R,meatHC,sandwich,1,0.0001,1
1090,R,meatPC,sandwich,1,0.0001,1
1091,R,meatPL,sandwich,1,0.0001,1
1092,Python,median_abs_deviation,scipy.stats,1,0.0002,9
1093,Python,median_absolute_deviation,scipy.stats,1,0.0002,12
1094,Python,median_absolute_error,sklearn.metrics,1,0.0002,3
1095,Python,mielke,scipy.stats,1,0.0002,3
1096,Python,minimize_quadratic_1d,scipy.optimize,1,0.0002,10
1097,Python,mjci,scipy.stats,1,0.0002,1
1098,R,model.frame.default,stats,1,0.0001,1
1099,R,model.matrix.default,stats,1,0.0001,1
1100,Python,modified_dogleg,scipy.optimize,1,0.0002,8
1101,Python,mquantiles_cimj,scipy.stats,1,0.0002,1
1102,Python,multilabel_confusion_matrix,sklearn.metrics,1,0.0002,15
1103,R,multimed,mediation,1,0.0001,9
1104,Python,multinomial,scipy.stats,1,0.0002,1
1105,Python,multiscale_graphcorr,scipy.stats,1,0.0002,7
1106,Python,multivariate_hypergeom,scipy.stats,1,0.0002,3
1107,Python,multivariate_normal,scipy.stats,1,0.0002,9
1108,Python,multivariate_t,scipy.stats,1,0.0002,16
1109,Python,mutual_info_score,sklearn.metrics,1,0.0002,6
1110,Python,mv,scipy.stats,1,0.0002,1
1111,Python,n_primes,scipy.stats,1,0.0002,3
1112,Python,nbinom,scipy.stats,1,0.0002,1
1113,Python,nct,scipy.stats,1,0.0002,3
1114,Python,ndcg_score,sklearn.metrics,1,0.0002,7
1115,Python,negative_binomial,numpy.random,1,0.0002,1
1116,Python,newton_krylov,scipy.optimize,1,0.0002,1
1117,R,nlmeControl,nlme,1,0.0001,6
1118,R,nlrq.control,quantreg,1,0.0001,1
1119,R,nlrqModel,quantreg,1,0.0001,1
1120,Python,nnls,scipy.optimize,1,0.0002,2
1121,Python,noncentral_chisquare,numpy.random,1,0.0002,3
1122,Python,noncentral_f,numpy.random,1,0.0002,2
1123,Python,nonlin_solve,scipy.optimize,1,0.0002,1
1124,Python,norm,scipy.optimize,1,0.0002,22
1125,Python,old_bound_to_new,scipy.optimize,1,0.0002,2
1126,Python,orthogonal_mp,sklearn.linear_model,1,0.0002,19
1127,Python,orthogonal_mp_gram,sklearn.linear_model,1,0.0002,7
1128,Python,orthogonality,scipy.optimize,1,0.0002,6
1129,Python,page_trend_test,scipy.stats,1,0.0002,24
1130,Python,pair_confusion_matrix,sklearn.metrics,1,0.0002,3
1131,Python,paired_distances,sklearn.metrics,1,0.0002,4
1132,Python,paired_euclidean_distances,sklearn.metrics,1,0.0002,1
1133,Python,paired_manhattan_distances,sklearn.metrics,1,0.0002,1
1134,R,pairwise.t.test,stats,1,0.0001,18
1135,Python,pairwise_distances_argmin_min,sklearn.metrics,1,0.0002,8
1136,Python,pairwise_distances_chunked,sklearn.metrics,1,0.0002,8
1137,R,pava.blocks,sandwich,1,0.0001,2
1138,R,pdSymm,nlme,1,0.0001,1
1139,Python,pearson3,scipy.stats,1,0.0002,2
1140,R,phenoModel,nlme,1,0.0001,1
1141,R,plot.gam,mgcv,1,0.0001,20
1142,R,plot.qss1,quantreg,1,0.0001,1
1143,R,plot.qss2,quantreg,1,0.0001,1
1144,Python,plot_confusion_matrix,sklearn.metrics,1,0.0002,10
1145,Python,plot_det_curve,sklearn.metrics,1,0.0002,1
1146,Python,plot_precision_recall_curve,sklearn.metrics,1,0.0002,11
1147,Python,plot_roc_curve,sklearn.metrics,1,0.0002,5
1148,Python,plotting_positions,scipy.stats,1,0.0002,1
1149,Python,polynomial_kernel,sklearn.metrics,1,0.0002,3
1150,R,pooledSD,nlme,1,0.0001,1
1151,Python,power,numpy.random,1,0.0002,1
1152,Python,power_divergence,scipy.stats,1,0.0002,11
1153,R,ppr,stats,1,0.0001,5
1154,Python,precision_recall_fscore_support,sklearn.metrics,1,0.0002,29
1155,R,predict.qss2,quantreg,1,0.0001,1
1156,R,predict.rq,quantreg,1,0.0001,1
1157,R,predict.rq.process,quantreg,1,0.0001,3
1158,R,predict.rqs,quantreg,1,0.0001,1
1159,R,price,VGAM,1,0.0001,5
1160,Python,primes_from_2_to,scipy.stats,1,0.0002,1
1161,R,proj,stats,1,0.0001,1
1162,Python,projected_cg,scipy.optimize,1,0.0002,12
1163,R,qda,MASS,1,0.0001,1
1164,R,qss1,quantreg,1,0.0001,1
1165,R,qss2,quantreg,1,0.0001,1
1166,Python,quadratic_assignment,scipy.optimize,1,0.0002,42
1167,R,quasi,stats,1,0.0001,1
1168,R,quinModel,nlme,1,0.0001,1
1169,R,r2,fixest,1,0.0001,3
1170,Python,rand_score,sklearn.metrics,1,0.0002,4
1171,R,random.effects,nlme,1,0.0001,1
1172,Python,random_integers,numpy.random,1,0.0002,2
1173,R,ranks,quantreg,1,0.0001,2
1174,Python,ranksums,scipy.stats,1,0.0002,3
1175,Python,rdist,scipy.stats,1,0.0002,1
1176,R,rdplot,rdrobust,1,0.0001,2
1177,Python,reflective_transformation,scipy.optimize,1,0.0002,5
1178,Python,relative_risk,scipy.stats,1,0.0002,9
1179,Python,relfreq,scipy.stats,1,0.0002,3
1180,R,replications,stats,1,0.0001,2
1181,Python,ridge_regression,sklearn.linear_model,1,0.0002,5
1182,Python,right_multiplied_operator,scipy.optimize,1,0.0002,1
1183,R,rnegbin,MASS,1,0.0001,1
1184,Python,rosen_der,scipy.optimize,1,0.0002,1
1185,R,rowMedians,robustbase,1,0.0001,4
1186,R,rpareto,VGAM,1,0.0001,1
1187,R,rq.fit.fnb,quantreg,1,0.0001,10
1188,R,rq.fit.fnc,quantreg,1,0.0001,2
1189,R,rq.fit.hogg,quantreg,1,0.0001,1
1190,R,rq.fit.lasso,quantreg,1,0.0001,2
1191,R,rq.fit.pfn,quantreg,1,0.0001,2
1192,R,rq.fit.scad,quantreg,1,0.0001,1
1193,R,rq.fit.sfnc,quantreg,1,0.0001,1
1194,R,rq.test.anowar,quantreg,1,0.0001,1
1195,R,rq.test.rank,quantreg,1,0.0001,1
1196,R,rqProcess,quantreg,1,0.0001,1
1197,R,rqs.fit,quantreg,1,0.0001,1
1198,R,rqss.fit,quantreg,1,0.0001,3
1199,Python,rsh,scipy.stats,1,0.0002,2
1200,Python,rv_continuous,scipy.stats,1,0.0002,1
1201,Python,rv_discrete,scipy.stats,1,0.0002,13
1202,Python,rv_histogram,scipy.stats,1,0.0002,2
1203,Python,rvs_ratio_uniforms,scipy.stats,1,0.0002,12
1204,R,sammon,MASS,1,0.0001,2
1205,Python,scalar_search_armijo,scipy.optimize,1,0.0002,2
1206,Python,scalar_search_wolfe1,scipy.optimize,1,0.0002,1
1207,Python,scalar_search_wolfe2,scipy.optimize,1,0.0002,2
1208,Python,scale,scipy.stats,1,0.0002,12
1209,R,setFixest_nthreads,fixest,1,0.0001,1
1210,Python,set_state,numpy.random,1,0.0002,1
1211,Python,setulb,scipy.optimize,1,0.0002,1
1212,R,sfnMessage,quantreg,1,0.0001,2
1213,Python,shapiro,scipy.stats,1,0.0002,7
1214,Python,show_options,scipy.optimize,1,0.0002,1
1215,Python,siegelslopes,scipy.stats,1,0.0002,7
1216,R,sigmaHat,car,1,0.0001,1
1217,Python,sigmaclip,scipy.stats,1,0.0002,5
1218,Python,silhouette_samples,sklearn.metrics,1,0.0002,6
1219,Python,silhouette_score,sklearn.metrics,1,0.0002,12
1220,Python,singular_leading_submatrix,scipy.optimize,1,0.0002,3
1221,Python,slsqp,scipy.optimize,1,0.0002,1
1222,Python,somersd,scipy.stats,1,0.0002,32
1223,R,sortedXyData,stats,1,0.0001,2
1224,Python,special_ortho_group,scipy.stats,1,0.0002,1
1225,Python,sphere_intersections,scipy.optimize,1,0.0002,10
1226,Python,standard_cauchy,numpy.random,1,0.0002,1
1227,Python,standard_exponential,numpy.random,1,0.0002,1
1228,Python,standard_gamma,numpy.random,1,0.0002,2
1229,Python,standard_t,numpy.random,1,0.0002,1
1230,Python,std,scipy.stats,1,0.0002,1
1231,Python,step_size_to_bound,scipy.optimize,1,0.0002,5
1232,Python,strict_bounds,scipy.optimize,1,0.0002,6
1233,R,style.df,fixest,1,0.0001,1
1234,Python,summary_col,statsmodels,1,0.0002,8
1235,Python,support,scipy.stats,1,0.0002,3
1236,R,survdiff,survival,1,0.0001,2
1237,R,svyby,survey,1,0.0001,7
1238,R,svydesign,survey,1,0.0001,4
1239,R,ti,mgcv,1,0.0001,2
1240,Python,tiecorrect,scipy.stats,1,0.0002,9
1241,Python,tmax,scipy.stats,1,0.0002,9
1242,Python,tmean,scipy.stats,1,0.0002,3
1243,Python,tmin,scipy.stats,1,0.0002,10
1244,R,toeplitz,stats,1,0.0001,4
1245,Python,top_k_accuracy_score,sklearn.metrics,1,0.0002,6
1246,Python,triangular,numpy.random,1,0.0002,1
1247,Python,trim,scipy.stats,1,0.0002,11
1248,Python,trim1,scipy.stats,1,0.0002,9
1249,Python,trim_mean,scipy.stats,1,0.0002,11
1250,Python,trimmed_mean_ci,scipy.stats,1,0.0002,1
1251,Python,trimmed_stde,scipy.stats,1,0.0002,2
1252,Python,trimr,scipy.stats,1,0.0002,1
1253,Python,trimtail,scipy.stats,1,0.0002,2
1254,R,triogram.fidelity,quantreg,1,0.0001,1
1255,R,triogram.penalty,quantreg,1,0.0001,1
1256,R,ts.plot,stats,1,0.0001,10
1257,Python,tsem,scipy.stats,1,0.0002,3
1258,Python,tstd,scipy.stats,1,0.0002,2
1259,Python,ttest_ind_from_stats,scipy.stats,1,0.0002,15
1260,Python,tukeylambda_kurtosis,scipy.stats,1,0.0002,7
1261,Python,tukeylambda_variance,scipy.stats,1,0.0002,7
1262,Python,tvar,scipy.stats,1,0.0002,8
1263,R,untangle.specials,quantreg;survival,1,0.0001,2
1264,R,update.formula,stats,1,0.0001,1
1265,Python,update_discrepancy,scipy.stats,1,0.0002,6
1266,Python,van_der_corput,scipy.stats,1,0.0002,4
1267,R,varComb,nlme,1,0.0001,1
1268,R,varConstPower,nlme,1,0.0001,2
1269,R,varConstProp,nlme,1,0.0001,2
1270,R,varExp,nlme,1,0.0001,2
1271,R,varFixed,nlme,1,0.0001,1
1272,R,vcovCR,clubSandwich,1,0.0001,6
1273,R,vcovHAC,sandwich,1,0.0001,3
1274,R,vcov_cluster,fixest,1,0.0001,4
1275,R,vif,car;metafor,1,0.0001,8
1276,Python,vonmises,scipy.stats,1,0.0002,3
1277,Python,vonmises,numpy.random,1,0.0002,2
1278,R,vuong,pscl,1,0.0001,30
1279,Python,wald,numpy.random,1,0.0002,1
1280,Python,wasserstein_distance,scipy.stats,1,0.0002,20
1281,R,weighted.residuals,stats,1,0.0001,4
1282,Python,weightedtau,scipy.stats,1,0.0002,26
1283,R,weightsAndrews,sandwich,1,0.0001,1
1284,R,weightsLumley,sandwich,1,0.0001,1
1285,R,width.SJ,MASS,1,0.0001,2
1286,Python,winsorize,scipy.stats,1,0.0002,7
1287,Python,wishart,scipy.stats,1,0.0002,10
1288,R,xpd,fixest,1,0.0001,2
1289,Python,zero_one_loss,sklearn.metrics,1,0.0002,7
1290,R,zeta,VGAM,1,0.0001,1
1291,Python,zipf,scipy.stats,1,0.0002,1
1292,Python,zipf,numpy.random,1,0.0002,1
