entry_id,package,version,fixed_on,repo,issue,flagged_on,response_days,plausible
brms@1.10.0#0,brms,1.10.0,2017-09-09,paul-buerkner/brms,239,2017-07-18,53,1
brms@1.10.0#11,brms,1.10.0,2017-09-09,paul-buerkner/brms,256,2017-08-27,13,1
brms@1.10.0#12,brms,1.10.0,2017-09-09,paul-buerkner/brms,263,2017-09-06,3,1
brms@1.10.0#4,brms,1.10.0,2017-09-09,paul-buerkner/brms,259,2017-08-29,11,1
brms@1.10.0#7,brms,1.10.0,2017-09-09,paul-buerkner/brms,257,2017-08-27,13,1
brms@1.10.2#4,brms,1.10.2,2017-10-20,paul-buerkner/brms,276,2017-10-16,4,1
brms@1.10.2#5,brms,1.10.2,2017-10-20,paul-buerkner/brms,274,2017-10-13,7,1
brms@1.7.0#0,brms,1.7.0,2017-05-23,paul-buerkner/brms,221,2017-05-01,22,1
brms@1.7.0#1,brms,1.7.0,2017-05-23,paul-buerkner/brms,200,2017-03-23,61,1
brms@1.7.0#2,brms,1.7.0,2017-05-23,paul-buerkner/brms,198,2017-03-23,61,1
brms@1.7.0#4,brms,1.7.0,2017-05-23,paul-buerkner/brms,220,2017-04-28,25,1
brms@1.7.0#7,brms,1.7.0,2017-05-23,paul-buerkner/brms,158,2016-12-27,147,1
brms@1.7.0#8,brms,1.7.0,2017-05-23,paul-buerkner/brms,223,2017-05-08,15,1
brms@1.7.0#9,brms,1.7.0,2017-05-23,paul-buerkner/brms,222,2017-05-03,20,1
brms@2.0.0#0,brms,2.0.0,2017-12-15,paul-buerkner/brms,3,2015-09-30,807,1
brms@2.0.0#15,brms,2.0.0,2017-12-15,paul-buerkner/brms,288,2017-11-05,40,1
brms@2.0.0#16,brms,2.0.0,2017-12-15,paul-buerkner/brms,279,2017-10-22,54,1
brms@2.0.0#17,brms,2.0.0,2017-12-15,paul-buerkner/brms,286,2017-11-03,42,1
brms@2.0.0#3,brms,2.0.0,2017-12-15,paul-buerkner/brms,280,2017-10-26,50,1
brms@2.0.0#4,brms,2.0.0,2017-12-15,paul-buerkner/brms,283,2017-10-29,47,1
brms@2.0.0#6,brms,2.0.0,2017-12-15,paul-buerkner/brms,277,2017-10-21,55,1
brms@2.0.0#7,brms,2.0.0,2017-12-15,paul-buerkner/brms,224,2017-05-09,220,1
brms@2.0.0#8,brms,2.0.0,2017-12-15,paul-buerkner/brms,278,2017-10-21,55,1
brms@2.0.1#1,brms,2.0.1,2017-12-21,paul-buerkner/brms,302,2017-12-17,4,1
brms@2.1.0#0,brms,2.1.0,2018-01-23,paul-buerkner/brms,27,2016-01-15,739,1
brms@2.1.0#10,brms,2.1.0,2018-01-23,paul-buerkner/brms,306,2017-12-28,26,1
brms@2.1.0#10,brms,2.1.0,2018-01-23,paul-buerkner/brms,307,2017-12-29,25,1
brms@2.1.0#10,brms,2.1.0,2018-01-23,paul-buerkner/brms,331,2018-01-22,1,1
brms@2.1.0#11,brms,2.1.0,2018-01-23,paul-buerkner/brms,314,2018-01-10,13,1
brms@2.1.0#12,brms,2.1.0,2018-01-23,paul-buerkner/brms,320,2018-01-15,8,1
brms@2.1.0#2,brms,2.1.0,2018-01-23,paul-buerkner/brms,319,2018-01-15,8,1
brms@2.1.0#3,brms,2.1.0,2018-01-23,paul-buerkner/brms,190,2017-03-02,327,1
brms@2.1.0#4,brms,2.1.0,2018-01-23,paul-buerkner/brms,275,2017-10-15,100,1
brms@2.1.0#5,brms,2.1.0,2018-01-23,paul-buerkner/brms,327,2018-01-18,5,1
brms@2.1.0#9,brms,2.1.0,2018-01-23,paul-buerkner/brms,312,2018-01-08,15,1
brms@2.10.0#0,brms,2.10.0,2019-08-29,paul-buerkner/brms,712,2019-07-23,37,1
brms@2.10.0#1,brms,2.10.0,2019-08-29,paul-buerkner/brms,703,2019-07-09,51,1
brms@2.10.0#12,brms,2.10.0,2019-08-29,paul-buerkner/brms,706,2019-07-11,49,1
brms@2.10.0#13,brms,2.10.0,2019-08-29,paul-buerkner/brms,679,2019-06-03,87,1
brms@2.10.0#14,brms,2.10.0,2019-08-29,paul-buerkner/brms,678,2019-06-01,89,1
brms@2.10.0#15,brms,2.10.0,2019-08-29,paul-buerkner/brms,696,2019-07-04,56,1
brms@2.10.0#16,brms,2.10.0,2019-08-29,paul-buerkner/brms,672,2019-05-23,98,1
brms@2.10.0#18,brms,2.10.0,2019-08-29,paul-buerkner/brms,721,2019-08-01,28,1
brms@2.10.0#19,brms,2.10.0,2019-08-29,paul-buerkner/brms,740,2019-08-26,3,1
brms@2.10.0#2,brms,2.10.0,2019-08-29,paul-buerkner/brms,707,2019-07-12,48,1
brms@2.10.0#3,brms,2.10.0,2019-08-29,paul-buerkner/brms,403,2018-04-13,503,1
brms@2.10.0#4,brms,2.10.0,2019-08-29,paul-buerkner/brms,403,2018-04-13,503,1
brms@2.10.0#7,brms,2.10.0,2019-08-29,paul-buerkner/brms,680,2019-06-03,87,1
brms@2.10.0#9,brms,2.10.0,2019-08-29,paul-buerkner/brms,718,2019-07-31,29,1
brms@2.11.0#0,brms,2.11.0,2020-01-12,paul-buerkner/brms,675,2019-05-28,229,1
brms@2.11.0#10,brms,2.11.0,2020-01-12,paul-buerkner/brms,811,2019-12-19,24,1
brms@2.11.0#11,brms,2.11.0,2020-01-12,paul-buerkner/brms,813,2019-12-20,23,1
brms@2.11.0#12,brms,2.11.0,2020-01-12,paul-buerkner/brms,735,2019-08-23,142,1
brms@2.11.0#14,brms,2.11.0,2020-01-12,paul-buerkner/brms,644,2019-04-15,272,1
brms@2.11.0#2,brms,2.11.0,2020-01-12,paul-buerkner/brms,793,2019-11-23,50,1
brms@2.11.0#3,brms,2.11.0,2020-01-12,paul-buerkner/brms,779,2019-10-28,76,1
brms@2.11.0#4,brms,2.11.0,2020-01-12,paul-buerkner/brms,744,2019-09-03,131,1
brms@2.11.0#5,brms,2.11.0,2020-01-12,paul-buerkner/brms,756,2019-09-17,117,1
brms@2.11.0#9,brms,2.11.0,2020-01-12,paul-buerkner/brms,770,2019-10-04,100,1
brms@2.11.1#1,brms,2.11.1,2020-01-19,paul-buerkner/brms,824,2020-01-13,6,1
brms@2.11.1#2,brms,2.11.1,2020-01-19,paul-buerkner/brms,823,2020-01-13,6,1
brms@2.11.1#3,brms,2.11.1,2020-01-19,paul-buerkner/brms,828,2020-01-13,6,1
brms@2.11.1#4,brms,2.11.1,2020-01-19,paul-buerkner/brms,830,2020-01-16,3,1
brms@2.12.0#0,brms,2.12.0,2020-02-23,paul-buerkner/brms,783,2019-11-06,109,1
brms@2.12.0#1,brms,2.12.0,2020-02-23,paul-buerkner/brms,708,2019-07-15,223,1
brms@2.12.0#10,brms,2.12.0,2020-02-23,paul-buerkner/brms,838,2020-01-25,29,1
brms@2.12.0#11,brms,2.12.0,2020-02-23,paul-buerkner/brms,845,2020-02-01,22,1
brms@2.12.0#5,brms,2.12.0,2020-02-23,paul-buerkner/brms,705,2019-07-10,228,1
brms@2.12.0#7,brms,2.12.0,2020-02-23,paul-buerkner/brms,834,2020-01-19,35,1
brms@2.12.0#8,brms,2.12.0,2020-02-23,paul-buerkner/brms,844,2020-01-31,23,1
brms@2.12.0#9,brms,2.12.0,2020-02-23,paul-buerkner/brms,835,2020-01-21,33,1
brms@2.13.0#11,brms,2.13.0,2020-05-27,paul-buerkner/brms,867,2020-03-26,62,1
brms@2.13.0#12,brms,2.13.0,2020-05-27,paul-buerkner/brms,879,2020-04-19,38,1
brms@2.13.0#13,brms,2.13.0,2020-05-27,paul-buerkner/brms,884,2020-04-24,33,1
brms@2.13.0#14,brms,2.13.0,2020-05-27,paul-buerkner/brms,906,2020-05-20,7,1
brms@2.13.0#22,brms,2.13.0,2020-05-27,paul-buerkner/brms,873,2020-04-07,50,1
brms@2.13.0#4,brms,2.13.0,2020-05-27,paul-buerkner/brms,745,2019-09-05,265,1
brms@2.13.0#6,brms,2.13.0,2020-05-27,paul-buerkner/brms,886,2020-04-30,27,1
brms@2.13.0#7,brms,2.13.0,2020-05-27,paul-buerkner/brms,418,2018-04-29,759,1
brms@2.13.0#9,brms,2.13.0,2020-05-27,paul-buerkner/brms,855,2020-02-28,89,1
brms@2.13.0#9,brms,2.13.0,2020-05-27,paul-buerkner/brms,856,2020-02-28,89,1
brms@2.13.3#0,brms,2.13.3,2020-07-13,paul-buerkner/brms,924,2020-06-09,34,1
brms@2.13.3#1,brms,2.13.3,2020-07-13,paul-buerkner/brms,385,2018-03-15,851,1
brms@2.13.3#2,brms,2.13.3,2020-07-13,paul-buerkner/brms,919,2020-06-07,36,1
brms@2.13.3#3,brms,2.13.3,2020-07-13,paul-buerkner/brms,933,2020-06-23,20,1
brms@2.13.3#4,brms,2.13.3,2020-07-13,paul-buerkner/brms,915,2020-06-04,39,1
brms@2.13.5#0,brms,2.13.5,2020-07-31,paul-buerkner/brms,230,2017-06-27,1130,1
brms@2.13.5#0,brms,2.13.5,2020-07-31,paul-buerkner/brms,962,2020-07-19,12,1
brms@2.13.5#2,brms,2.13.5,2020-07-31,paul-buerkner/brms,956,2020-07-13,18,1
brms@2.14.0#0,brms,2.14.0,2020-10-08,paul-buerkner/brms,892,2020-05-06,155,1
brms@2.14.0#1,brms,2.14.0,2020-10-08,paul-buerkner/brms,973,2020-08-03,66,1
brms@2.14.0#10,brms,2.14.0,2020-10-08,paul-buerkner/brms,746,2019-09-06,398,1
brms@2.14.0#11,brms,2.14.0,2020-10-08,paul-buerkner/brms,738,2019-08-26,409,1
brms@2.14.0#12,brms,2.14.0,2020-10-08,paul-buerkner/brms,1012,2020-10-07,1,1
brms@2.14.0#13,brms,2.14.0,2020-10-08,paul-buerkner/brms,984,2020-08-17,52,1
brms@2.14.0#14,brms,2.14.0,2020-10-08,paul-buerkner/brms,977,2020-08-05,64,1
brms@2.14.0#16,brms,2.14.0,2020-10-08,paul-buerkner/brms,1007,2020-09-21,17,1
brms@2.14.0#2,brms,2.14.0,2020-10-08,paul-buerkner/brms,895,2020-05-09,152,1
brms@2.14.0#3,brms,2.14.0,2020-10-08,paul-buerkner/brms,674,2019-05-25,502,1
brms@2.14.0#4,brms,2.14.0,2020-10-08,paul-buerkner/brms,976,2020-08-05,64,1
brms@2.14.0#5,brms,2.14.0,2020-10-08,paul-buerkner/brms,819,2020-01-05,277,1
brms@2.14.0#7,brms,2.14.0,2020-10-08,paul-buerkner/brms,761,2019-09-20,384,1
brms@2.14.0#9,brms,2.14.0,2020-10-08,paul-buerkner/brms,993,2020-09-01,37,1
brms@2.14.4#8,brms,2.14.4,2020-11-03,paul-buerkner/brms,1014,2020-10-13,21,1
brms@2.15.0#0,brms,2.15.0,2021-03-14,paul-buerkner/brms,1017,2020-10-15,150,1
brms@2.15.0#0,brms,2.15.0,2021-03-14,paul-buerkner/brms,1053,2020-12-01,103,1
brms@2.15.0#10,brms,2.15.0,2021-03-14,paul-buerkner/brms,1111,2021-02-26,16,1
brms@2.15.0#11,brms,2.15.0,2021-03-14,paul-buerkner/brms,1087,2021-02-06,36,1
brms@2.15.0#12,brms,2.15.0,2021-03-14,paul-buerkner/brms,1033,2020-11-06,128,1
brms@2.15.0#13,brms,2.15.0,2021-03-14,paul-buerkner/brms,1034,2020-11-06,128,1
brms@2.15.0#18,brms,2.15.0,2021-03-14,paul-buerkner/brms,1085,2021-02-02,40,1
brms@2.15.0#19,brms,2.15.0,2021-03-14,paul-buerkner/brms,1081,2021-01-29,44,1
brms@2.15.0#20,brms,2.15.0,2021-03-14,paul-buerkner/brms,1086,2021-02-05,37,1
brms@2.15.0#21,brms,2.15.0,2021-03-14,paul-buerkner/brms,1096,2021-02-09,33,1
brms@2.15.0#7,brms,2.15.0,2021-03-14,paul-buerkner/brms,1058,2020-12-07,97,1
brms@2.15.0#8,brms,2.15.0,2021-03-14,paul-buerkner/brms,1076,2021-01-26,47,1
brms@2.15.0#9,brms,2.15.0,2021-03-14,paul-buerkner/brms,1061,2020-12-11,93,1
brms@2.16.0#0,brms,2.16.0,2021-08-18,paul-buerkner/brms,1204,2021-07-21,28,1
brms@2.16.0#1,brms,2.16.0,2021-08-18,paul-buerkner/brms,907,2020-05-23,452,1
brms@2.16.0#1,brms,2.16.0,2021-08-18,paul-buerkner/brms,1134,2021-04-06,134,1
brms@2.16.0#10,brms,2.16.0,2021-08-18,paul-buerkner/brms,1084,2021-02-02,197,1
brms@2.16.0#11,brms,2.16.0,2021-08-18,paul-buerkner/brms,1060,2020-12-09,252,1
brms@2.16.0#13,brms,2.16.0,2021-08-18,paul-buerkner/brms,1176,2021-06-09,70,1
brms@2.16.0#14,brms,2.16.0,2021-08-18,paul-buerkner/brms,1184,2021-06-11,68,1
brms@2.16.0#17,brms,2.16.0,2021-08-18,paul-buerkner/brms,1159,2021-05-14,96,1
brms@2.16.0#18,brms,2.16.0,2021-08-18,paul-buerkner/brms,1070,2021-01-15,215,1
brms@2.16.0#19,brms,2.16.0,2021-08-18,paul-buerkner/brms,923,2020-06-09,435,1
brms@2.16.0#2,brms,2.16.0,2021-08-18,paul-buerkner/brms,1063,2020-12-17,244,1
brms@2.16.0#20,brms,2.16.0,2021-08-18,paul-buerkner/brms,698,2019-07-06,774,1
brms@2.16.0#21,brms,2.16.0,2021-08-18,paul-buerkner/brms,1149,2021-04-27,113,1
brms@2.16.0#22,brms,2.16.0,2021-08-18,paul-buerkner/brms,1143,2021-04-18,122,1
brms@2.16.0#23,brms,2.16.0,2021-08-18,paul-buerkner/brms,1142,2021-04-17,123,1
brms@2.16.0#24,brms,2.16.0,2021-08-18,paul-buerkner/brms,1128,2021-03-22,149,1
brms@2.16.0#25,brms,2.16.0,2021-08-18,paul-buerkner/brms,1141,2021-04-15,125,1
brms@2.16.0#26,brms,2.16.0,2021-08-18,paul-buerkner/brms,1150,2021-04-30,110,1
brms@2.16.0#27,brms,2.16.0,2021-08-18,paul-buerkner/brms,1167,2021-05-25,85,1
brms@2.16.0#29,brms,2.16.0,2021-08-18,paul-buerkner/brms,1175,2021-06-08,71,1
brms@2.16.0#3,brms,2.16.0,2021-08-18,paul-buerkner/brms,1131,2021-04-01,139,1
brms@2.16.0#5,brms,2.16.0,2021-08-18,paul-buerkner/brms,1137,2021-04-12,128,1
brms@2.16.0#6,brms,2.16.0,2021-08-18,paul-buerkner/brms,1116,2021-03-05,166,1
brms@2.16.0#7,brms,2.16.0,2021-08-18,paul-buerkner/brms,1151,2021-05-03,107,1
brms@2.16.0#8,brms,2.16.0,2021-08-18,paul-buerkner/brms,1166,2021-05-25,85,1
brms@2.16.0#9,brms,2.16.0,2021-08-18,paul-buerkner/brms,1170,2021-05-30,80,1
brms@2.16.1#0,brms,2.16.1,2021-08-23,paul-buerkner/brms,1218,2021-08-20,3,1
brms@2.16.3#0,brms,2.16.3,2021-11-22,paul-buerkner/brms,1222,2021-09-01,82,1
brms@2.16.3#1,brms,2.16.3,2021-11-22,paul-buerkner/brms,1219,2021-08-26,88,1
brms@2.16.3#2,brms,2.16.3,2021-11-22,paul-buerkner/brms,1220,2021-08-31,83,1
brms@2.17.0#0,brms,2.17.0,2022-04-13,paul-buerkner/brms,878,2020-04-16,727,1
brms@2.17.0#0,brms,2.17.0,2022-04-13,paul-buerkner/brms,1094,2021-02-08,429,1
brms@2.17.0#1,brms,2.17.0,2022-04-13,paul-buerkner/brms,1274,2021-12-19,115,1
brms@2.17.0#10,brms,2.17.0,2022-04-13,paul-buerkner/brms,1277,2021-12-29,105,1
brms@2.17.0#11,brms,2.17.0,2022-04-13,paul-buerkner/brms,1280,2022-01-05,98,1
brms@2.17.0#12,brms,2.17.0,2022-04-13,paul-buerkner/brms,1286,2022-01-23,80,1
brms@2.17.0#13,brms,2.17.0,2022-04-13,paul-buerkner/brms,1298,2022-02-17,55,1
brms@2.17.0#14,brms,2.17.0,2022-04-13,paul-buerkner/brms,1327,2022-03-22,22,1
brms@2.17.0#15,brms,2.17.0,2022-04-13,paul-buerkner/brms,1323,2022-03-19,25,1
brms@2.17.0#16,brms,2.17.0,2022-04-13,paul-buerkner/brms,1257,2021-10-31,164,1
brms@2.17.0#16,brms,2.17.0,2022-04-13,paul-buerkner/brms,1329,2022-03-29,15,1
brms@2.17.0#17,brms,2.17.0,2022-04-13,paul-buerkner/brms,1192,2021-06-24,293,1
brms@2.17.0#3,brms,2.17.0,2022-04-13,paul-buerkner/brms,1311,2022-03-09,35,1
brms@2.17.0#3,brms,2.17.0,2022-04-13,paul-buerkner/brms,1319,2022-03-14,30,1
brms@2.17.0#4,brms,2.17.0,2022-04-13,paul-buerkner/brms,1313,2022-03-11,33,1
brms@2.17.0#5,brms,2.17.0,2022-04-13,paul-buerkner/brms,1316,2022-03-13,31,1
brms@2.17.0#6,brms,2.17.0,2022-04-13,paul-buerkner/brms,1292,2022-02-02,70,1
brms@2.17.0#6,brms,2.17.0,2022-04-13,paul-buerkner/brms,1294,2022-02-04,68,1
brms@2.17.0#7,brms,2.17.0,2022-04-13,paul-buerkner/brms,1287,2022-01-27,76,1
brms@2.17.0#9,brms,2.17.0,2022-04-13,paul-buerkner/brms,1330,2022-03-30,14,1
brms@2.18.0#1,brms,2.18.0,2022-09-19,paul-buerkner/brms,1373,2022-07-05,76,1
brms@2.18.0#1,brms,2.18.0,2022-09-19,paul-buerkner/brms,1378,2022-07-11,70,1
brms@2.18.0#10,brms,2.18.0,2022-09-19,paul-buerkner/brms,1390,2022-08-06,44,1
brms@2.18.0#11,brms,2.18.0,2022-09-19,paul-buerkner/brms,1385,2022-08-02,48,1
brms@2.18.0#2,brms,2.18.0,2022-09-19,paul-buerkner/brms,1346,2022-05-04,138,1
brms@2.18.0#3,brms,2.18.0,2022-09-19,paul-buerkner/brms,1380,2022-07-18,63,1
brms@2.18.0#4,brms,2.18.0,2022-09-19,paul-buerkner/brms,1165,2021-05-25,482,1
brms@2.18.0#5,brms,2.18.0,2022-09-19,paul-buerkner/brms,1331,2022-03-30,173,1
brms@2.18.0#6,brms,2.18.0,2022-09-19,paul-buerkner/brms,1382,2022-07-27,54,1
brms@2.18.0#7,brms,2.18.0,2022-09-19,paul-buerkner/brms,1348,2022-05-09,133,1
brms@2.18.0#9,brms,2.18.0,2022-09-19,paul-buerkner/brms,1383,2022-07-29,52,1
brms@2.19.0#0,brms,2.19.0,2023-03-14,paul-buerkner/brms,1435,2022-12-07,97,1
brms@2.19.0#1,brms,2.19.0,2023-03-14,paul-buerkner/brms,1448,2023-01-14,59,1
brms@2.19.0#4,brms,2.19.0,2023-03-14,paul-buerkner/brms,1451,2023-02-06,36,1
brms@2.19.0#5,brms,2.19.0,2023-03-14,paul-buerkner/brms,1427,2022-11-24,110,1
brms@2.19.0#7,brms,2.19.0,2023-03-14,paul-buerkner/brms,1457,2023-02-14,28,1
brms@2.19.0#7,brms,2.19.0,2023-03-14,paul-buerkner/brms,1459,2023-02-14,28,1
brms@2.19.0#7,brms,2.19.0,2023-03-14,paul-buerkner/brms,1460,2023-02-15,27,1
brms@2.2.0#0,brms,2.2.0,2018-04-13,paul-buerkner/brms,381,2018-03-14,30,1
brms@2.2.0#1,brms,2.2.0,2018-04-13,paul-buerkner/brms,27,2016-01-15,819,1
brms@2.2.0#1,brms,2.2.0,2018-04-13,paul-buerkner/brms,343,2018-02-09,63,1
brms@2.2.0#10,brms,2.2.0,2018-04-13,paul-buerkner/brms,353,2018-02-17,55,1
brms@2.2.0#11,brms,2.2.0,2018-04-13,paul-buerkner/brms,218,2017-04-25,353,1
brms@2.2.0#16,brms,2.2.0,2018-04-13,paul-buerkner/brms,362,2018-02-27,45,1
brms@2.2.0#2,brms,2.2.0,2018-04-13,paul-buerkner/brms,27,2016-01-15,819,1
brms@2.2.0#20,brms,2.2.0,2018-04-13,paul-buerkner/brms,348,2018-02-12,60,1
brms@2.2.0#21,brms,2.2.0,2018-04-13,paul-buerkner/brms,336,2018-01-31,72,1
brms@2.2.0#21,brms,2.2.0,2018-04-13,paul-buerkner/brms,345,2018-02-11,61,1
brms@2.2.0#22,brms,2.2.0,2018-04-13,paul-buerkner/brms,380,2018-03-14,30,1
brms@2.2.0#23,brms,2.2.0,2018-04-13,paul-buerkner/brms,363,2018-02-28,44,1
brms@2.2.0#24,brms,2.2.0,2018-04-13,paul-buerkner/brms,374,2018-03-09,35,1
brms@2.2.0#25,brms,2.2.0,2018-04-13,paul-buerkner/brms,375,2018-03-11,33,1
brms@2.2.0#26,brms,2.2.0,2018-04-13,paul-buerkner/brms,382,2018-03-14,30,1
brms@2.2.0#27,brms,2.2.0,2018-04-13,paul-buerkner/brms,393,2018-03-29,15,1
brms@2.2.0#3,brms,2.2.0,2018-04-13,paul-buerkner/brms,313,2018-01-08,95,1
brms@2.2.0#4,brms,2.2.0,2018-04-13,paul-buerkner/brms,268,2017-10-02,193,1
brms@2.2.0#5,brms,2.2.0,2018-04-13,paul-buerkner/brms,386,2018-03-18,26,1
brms@2.2.0#6,brms,2.2.0,2018-04-13,paul-buerkner/brms,365,2018-03-01,43,1
brms@2.2.0#7,brms,2.2.0,2018-04-13,paul-buerkner/brms,335,2018-01-30,73,1
brms@2.2.0#8,brms,2.2.0,2018-04-13,paul-buerkner/brms,219,2017-04-27,351,1
brms@2.2.0#8,brms,2.2.0,2018-04-13,paul-buerkner/brms,357,2018-02-22,50,1
brms@2.2.0#9,brms,2.2.0,2018-04-13,paul-buerkner/brms,389,2018-03-20,24,1
brms@2.20.0#0,brms,2.20.0,,paul-buerkner/brms,1492,2023-05-04,,0
brms@2.20.0#1,brms,2.20.0,,paul-buerkner/brms,1491,2023-05-03,,0
brms@2.20.0#2,brms,2.20.0,,paul-buerkner/brms,1488,2023-04-27,,0
brms@2.20.0#4,brms,2.20.0,,paul-buerkner/brms,1420,2022-10-24,,0
brms@2.20.0#5,brms,2.20.0,,paul-buerkner/brms,1502,2023-05-23,,0
brms@2.20.0#6,brms,2.20.0,,paul-buerkner/brms,1501,2023-05-23,,0
brms@2.20.0#7,brms,2.20.0,,paul-buerkner/brms,1465,2023-03-01,,0
brms@2.21.0#0,brms,2.21.0,2024-03-20,paul-buerkner/brms,1591,2024-01-30,50,1
brms@2.21.0#15,brms,2.21.0,2024-03-20,paul-buerkner/brms,1608,2024-03-02,18,1
brms@2.21.0#16,brms,2.21.0,2024-03-20,paul-buerkner/brms,1603,2024-02-27,22,1
brms@2.21.0#17,brms,2.21.0,2024-03-20,paul-buerkner/brms,1580,2024-01-06,74,1
brms@2.21.0#18,brms,2.21.0,2024-03-20,paul-buerkner/brms,1588,2024-01-23,57,1
brms@2.21.0#4,brms,2.21.0,2024-03-20,paul-buerkner/brms,1077,2021-01-26,1149,1
brms@2.21.0#5,brms,2.21.0,2024-03-20,paul-buerkner/brms,1604,2024-02-28,21,1
brms@2.21.0#6,brms,2.21.0,2024-03-20,paul-buerkner/brms,1614,2024-03-08,12,1
brms@2.21.0#7,brms,2.21.0,2024-03-20,paul-buerkner/brms,1544,2023-09-25,177,1
brms@2.21.0#8,brms,2.21.0,2024-03-20,paul-buerkner/brms,1619,2024-03-12,8,1
brms@2.21.0#9,brms,2.21.0,2024-03-20,paul-buerkner/brms,1595,2024-02-12,37,1
brms@2.22.0#0,brms,2.22.0,2024-09-23,paul-buerkner/brms,234,2017-07-07,2635,1
brms@2.22.0#1,brms,2.22.0,2024-09-23,paul-buerkner/brms,1489,2023-04-27,515,1
brms@2.22.0#10,brms,2.22.0,2024-09-23,paul-buerkner/brms,1634,2024-03-23,184,1
brms@2.22.0#10,brms,2.22.0,2024-09-23,paul-buerkner/brms,1642,2024-04-08,168,1
brms@2.22.0#10,brms,2.22.0,2024-09-23,paul-buerkner/brms,1644,2024-04-09,167,1
brms@2.22.0#10,brms,2.22.0,2024-09-23,paul-buerkner/brms,1648,2024-04-17,159,1
brms@2.22.0#10,brms,2.22.0,2024-09-23,paul-buerkner/brms,1664,2024-06-02,113,1
brms@2.22.0#10,brms,2.22.0,2024-09-23,paul-buerkner/brms,1666,2024-06-17,98,1
brms@2.22.0#10,brms,2.22.0,2024-09-23,paul-buerkner/brms,1672,2024-07-15,70,1
brms@2.22.0#11,brms,2.22.0,2024-09-23,paul-buerkner/brms,1653,2024-05-13,133,1
brms@2.22.0#12,brms,2.22.0,2024-09-23,paul-buerkner/brms,1635,2024-03-26,181,1
brms@2.22.0#2,brms,2.22.0,2024-09-23,paul-buerkner/brms,1684,2024-08-30,24,1
brms@2.22.0#3,brms,2.22.0,2024-09-23,paul-buerkner/brms,1641,2024-04-08,168,1
brms@2.22.0#4,brms,2.22.0,2024-09-23,paul-buerkner/brms,1354,2022-05-13,864,1
brms@2.22.0#5,brms,2.22.0,2024-09-23,paul-buerkner/brms,1657,2024-05-19,127,1
brms@2.22.0#6,brms,2.22.0,2024-09-23,paul-buerkner/brms,1549,2023-10-10,349,1
brms@2.22.0#7,brms,2.22.0,2024-09-23,paul-buerkner/brms,1674,2024-07-19,66,1
brms@2.22.0#8,brms,2.22.0,2024-09-23,paul-buerkner/brms,1651,2024-04-28,148,1
brms@2.22.0#9,brms,2.22.0,2024-09-23,paul-buerkner/brms,1658,2024-05-21,125,1
brms@2.23#0,brms,2.23,,paul-buerkner/brms,1585,2024-01-20,,0
brms@2.23#1,brms,2.23,,paul-buerkner/brms,1719,2024-12-15,,0
brms@2.23#10,brms,2.23,,paul-buerkner/brms,1776,2025-05-14,,0
brms@2.23#12,brms,2.23,,paul-buerkner/brms,1703,2024-11-08,,0
brms@2.23#13,brms,2.23,,paul-buerkner/brms,1820,2025-08-29,,0
brms@2.23#2,brms,2.23,,paul-buerkner/brms,1698,2024-10-28,,0
brms@2.23#3,brms,2.23,,paul-buerkner/brms,1713,2024-11-27,,0
brms@2.23#4,brms,2.23,,paul-buerkner/brms,1729,2025-01-24,,0
brms@2.23#5,brms,2.23,,paul-buerkner/brms,1734,2025-01-31,,0
brms@2.23#6,brms,2.23,,paul-buerkner/brms,1790,2025-06-23,,0
brms@2.23#7,brms,2.23,,paul-buerkner/brms,1658,2024-05-21,,0
brms@2.23#8,brms,2.23,,paul-buerkner/brms,1734,2025-01-31,,0
brms@2.23#9,brms,2.23,,paul-buerkner/brms,1767,2025-05-02,,0
brms@2.3.0#2,brms,2.3.0,2018-05-14,paul-buerkner/brms,425,2018-05-05,9,1
brms@2.3.0#3,brms,2.3.0,2018-05-14,paul-buerkner/brms,414,2018-04-26,18,1
brms@2.3.0#4,brms,2.3.0,2018-05-14,paul-buerkner/brms,416,2018-04-27,17,1
brms@2.3.0#6,brms,2.3.0,2018-05-14,paul-buerkner/brms,421,2018-04-30,14,1
brms@2.3.0#7,brms,2.3.0,2018-05-14,paul-buerkner/brms,427,2018-05-11,3,1
brms@2.3.0#8,brms,2.3.0,2018-05-14,paul-buerkner/brms,404,2018-04-16,28,1
brms@2.3.0#9,brms,2.3.0,2018-05-14,paul-buerkner/brms,340,2018-02-05,98,1
brms@2.3.1#0,brms,2.3.1,2018-06-05,paul-buerkner/brms,430,2018-05-16,20,1
brms@2.3.1#2,brms,2.3.1,2018-06-05,paul-buerkner/brms,433,2018-05-17,19,1
brms@2.3.1#3,brms,2.3.1,2018-06-05,paul-buerkner/brms,441,2018-05-25,11,1
brms@2.3.1#4,brms,2.3.1,2018-06-05,paul-buerkner/brms,431,2018-05-16,20,1
brms@2.4.0#0,brms,2.4.0,2018-07-20,paul-buerkner/brms,459,2018-06-21,29,1
brms@2.4.0#1,brms,2.4.0,2018-07-20,paul-buerkner/brms,390,2018-03-21,121,1
brms@2.4.0#14,brms,2.4.0,2018-07-20,paul-buerkner/brms,453,2018-06-17,33,1
brms@2.4.0#15,brms,2.4.0,2018-07-20,paul-buerkner/brms,455,2018-06-19,31,1
brms@2.4.0#16,brms,2.4.0,2018-07-20,paul-buerkner/brms,457,2018-06-20,30,1
brms@2.4.0#17,brms,2.4.0,2018-07-20,paul-buerkner/brms,460,2018-06-21,29,1
brms@2.4.0#2,brms,2.4.0,2018-07-20,paul-buerkner/brms,300,2017-12-14,218,1
brms@2.4.0#5,brms,2.4.0,2018-07-20,paul-buerkner/brms,456,2018-06-19,31,1
brms@2.4.0#6,brms,2.4.0,2018-07-20,paul-buerkner/brms,469,2018-07-05,15,1
brms@2.4.0#9,brms,2.4.0,2018-07-20,paul-buerkner/brms,472,2018-07-10,10,1
brms@2.5.0#0,brms,2.5.0,2018-09-16,paul-buerkner/brms,491,2018-08-08,39,1
brms@2.5.0#0,brms,2.5.0,2018-09-16,paul-buerkner/brms,497,2018-08-13,34,1
brms@2.5.0#1,brms,2.5.0,2018-09-16,paul-buerkner/brms,510,2018-08-27,20,1
brms@2.5.0#10,brms,2.5.0,2018-09-16,paul-buerkner/brms,510,2018-08-27,20,1
brms@2.5.0#14,brms,2.5.0,2018-09-16,paul-buerkner/brms,490,2018-08-07,40,1
brms@2.5.0#15,brms,2.5.0,2018-09-16,paul-buerkner/brms,494,2018-08-09,38,1
brms@2.5.0#16,brms,2.5.0,2018-09-16,paul-buerkner/brms,509,2018-08-22,25,1
brms@2.5.0#4,brms,2.5.0,2018-09-16,paul-buerkner/brms,485,2018-07-30,48,1
brms@2.5.0#6,brms,2.5.0,2018-09-16,paul-buerkner/brms,520,2018-09-14,2,1
brms@2.5.0#8,brms,2.5.0,2018-09-16,paul-buerkner/brms,488,2018-08-06,41,1
brms@2.5.0#9,brms,2.5.0,2018-09-16,paul-buerkner/brms,491,2018-08-08,39,1
brms@2.6.0#1,brms,2.6.0,2018-10-23,paul-buerkner/brms,524,2018-09-21,32,1
brms@2.6.0#10,brms,2.6.0,2018-10-23,paul-buerkner/brms,529,2018-10-02,21,1
brms@2.6.0#2,brms,2.6.0,2018-10-23,paul-buerkner/brms,525,2018-09-21,32,1
brms@2.6.0#3,brms,2.6.0,2018-10-23,paul-buerkner/brms,478,2018-07-23,92,1
brms@2.7.0#0,brms,2.7.0,2018-12-17,paul-buerkner/brms,540,2018-10-26,52,1
brms@2.7.0#1,brms,2.7.0,2018-12-17,paul-buerkner/brms,364,2018-02-28,292,1
brms@2.7.0#10,brms,2.7.0,2018-12-17,paul-buerkner/brms,557,2018-11-27,20,1
brms@2.7.0#12,brms,2.7.0,2018-12-17,paul-buerkner/brms,545,2018-11-06,41,1
brms@2.7.0#13,brms,2.7.0,2018-12-17,paul-buerkner/brms,542,2018-11-01,46,1
brms@2.7.0#15,brms,2.7.0,2018-12-17,paul-buerkner/brms,570,2018-12-15,2,1
brms@2.7.0#16,brms,2.7.0,2018-12-17,paul-buerkner/brms,571,2018-12-17,0,1
brms@2.7.0#2,brms,2.7.0,2018-12-17,paul-buerkner/brms,468,2018-07-05,165,1
brms@2.7.0#3,brms,2.7.0,2018-12-17,paul-buerkner/brms,539,2018-10-26,52,1
brms@2.7.0#4,brms,2.7.0,2018-12-17,paul-buerkner/brms,562,2018-11-30,17,1
brms@2.8.0#0,brms,2.8.0,2019-03-15,paul-buerkner/brms,463,2018-06-25,263,1
brms@2.8.0#1,brms,2.8.0,2019-03-15,paul-buerkner/brms,463,2018-06-25,263,1
brms@2.8.0#11,brms,2.8.0,2019-03-15,paul-buerkner/brms,576,2018-12-19,86,1
brms@2.8.0#12,brms,2.8.0,2019-03-15,paul-buerkner/brms,591,2019-01-20,54,1
brms@2.8.0#14,brms,2.8.0,2019-03-15,paul-buerkner/brms,592,2019-01-21,53,1
brms@2.8.0#15,brms,2.8.0,2019-03-15,paul-buerkner/brms,579,2018-12-31,74,1
brms@2.8.0#16,brms,2.8.0,2019-03-15,paul-buerkner/brms,580,2019-01-03,71,1
brms@2.8.0#17,brms,2.8.0,2019-03-15,paul-buerkner/brms,589,2019-01-18,56,1
brms@2.8.0#2,brms,2.8.0,2019-03-15,paul-buerkner/brms,560,2018-11-28,107,1
brms@2.8.0#21,brms,2.8.0,2019-03-15,paul-buerkner/brms,598,2019-02-05,38,1
brms@2.8.0#23,brms,2.8.0,2019-03-15,paul-buerkner/brms,602,2019-02-12,31,1
brms@2.8.0#24,brms,2.8.0,2019-03-15,paul-buerkner/brms,616,2019-03-08,7,1
brms@2.8.0#4,brms,2.8.0,2019-03-15,paul-buerkner/brms,360,2018-02-27,381,1
brms@2.8.0#6,brms,2.8.0,2019-03-15,paul-buerkner/brms,615,2019-03-07,8,1
brms@2.8.0#7,brms,2.8.0,2019-03-15,paul-buerkner/brms,619,2019-03-12,3,1
brms@2.8.0#8,brms,2.8.0,2019-03-15,paul-buerkner/brms,414,2018-04-26,323,1
brms@2.8.0#9,brms,2.8.0,2019-03-15,paul-buerkner/brms,549,2018-11-12,123,1
brms@2.9.0#0,brms,2.9.0,2019-05-23,paul-buerkner/brms,623,2019-03-21,63,1
brms@2.9.0#1,brms,2.9.0,2019-05-23,paul-buerkner/brms,626,2019-03-28,56,1
brms@2.9.0#11,brms,2.9.0,2019-05-23,paul-buerkner/brms,636,2019-04-09,44,1
brms@2.9.0#17,brms,2.9.0,2019-05-23,paul-buerkner/brms,671,2019-05-22,1,1
brms@2.9.0#2,brms,2.9.0,2019-05-23,paul-buerkner/brms,622,2019-03-19,65,1
brms@2.9.0#3,brms,2.9.0,2019-05-23,paul-buerkner/brms,640,2019-04-13,40,1
brms@2.9.0#5,brms,2.9.0,2019-05-23,paul-buerkner/brms,639,2019-04-11,42,1
brms@2.9.0#6,brms,2.9.0,2019-05-23,paul-buerkner/brms,648,2019-04-21,32,1
brms@2.9.0#7,brms,2.9.0,2019-05-23,paul-buerkner/brms,578,2018-12-27,147,1
broom.mixed@unknown#0,broom.mixed,unknown,,bbolker/broom.mixed,161,2026-01-23,,0
broom.mixed@unknown#24,broom.mixed,unknown,,bbolker/broom.mixed,113,2021-03-26,,0
broom.mixed@unknown#26,broom.mixed,unknown,,bbolker/broom.mixed,103,2020-09-23,,0
broom.mixed@unknown#27,broom.mixed,unknown,,bbolker/broom.mixed,74,2019-07-08,,0
broom.mixed@unknown#28,broom.mixed,unknown,,bbolker/broom.mixed,100,2020-08-27,,0
broom.mixed@unknown#34,broom.mixed,unknown,,bbolker/broom.mixed,49,2018-11-24,,0
broom.mixed@unknown#38,broom.mixed,unknown,,bbolker/broom.mixed,30,2018-10-04,,0
broom.mixed@unknown#39,broom.mixed,unknown,,bbolker/broom.mixed,36,2018-10-05,,0
broom.mixed@unknown#40,broom.mixed,unknown,,bbolker/broom.mixed,33,2018-10-04,,0
broom.mixed@unknown#42,broom.mixed,unknown,,bbolker/broom.mixed,34,2018-10-05,,0
broom.mixed@unknown#42,broom.mixed,unknown,,bbolker/broom.mixed,35,2018-10-05,,0
broom.mixed@unknown#5,broom.mixed,unknown,,bbolker/broom.mixed,122,2022-01-24,,0
broom.mixed@unknown#8,broom.mixed,unknown,,bbolker/broom.mixed,136,2022-11-01,,0
lfe@2.9-0#1,lfe,2.9-0,2023-02-13,r-econometrics/lfe,3,2025-09-30,-960,0
lme4@1.0-6#1,lme4,1.0-6,2014-02-02,lme4/lme4,143,2013-10-17,108,1
lme4@1.1-0#3,lme4,1.1-0,,lme4/lme4,148,2013-10-29,,0
lme4@1.1-10#7,lme4,1.1-10,2015-10-06,lme4/lme4,335,2015-09-19,17,1
lme4@1.1-11#4,lme4,1.1-11,2016-02-12,lme4/lme4,320,2015-07-28,199,1
lme4@1.1-11#7,lme4,1.1-11,2016-02-12,lme4/lme4,250,2014-10-14,486,1
lme4@1.1-12#1,lme4,1.1-12,2016-04-16,lme4/lme4,300,2015-05-07,345,1
lme4@1.1-13#3,lme4,1.1-13,2017-04-19,lme4/lme4,414,2017-04-02,17,1
lme4@1.1-13#4,lme4,1.1-13,2017-04-19,lme4/lme4,26,2012-12-24,1577,1
lme4@1.1-14#14,lme4,1.1-14,2017-09-27,lme4/lme4,415,2017-04-21,159,1
lme4@1.1-14#15,lme4,1.1-14,2017-09-27,lme4/lme4,410,2017-02-03,236,1
lme4@1.1-14#3,lme4,1.1-14,2017-09-27,lme4/lme4,134,2013-09-24,1464,1
lme4@1.1-14#5,lme4,1.1-14,2017-09-27,lme4/lme4,423,2017-06-20,99,1
lme4@1.1-14#7,lme4,1.1-14,2017-09-27,lme4/lme4,420,2017-05-19,131,1
lme4@1.1-14#9,lme4,1.1-14,2017-09-27,lme4/lme4,432,2017-08-06,52,1
lme4@1.1-16#2,lme4,1.1-16,2018-03-28,lme4/lme4,452,2018-01-30,57,1
lme4@1.1-16#2,lme4,1.1-16,2018-03-28,lme4/lme4,457,2018-03-04,24,1
lme4@1.1-18#6,lme4,1.1-18,2018-08-16,lme4/lme4,476,2018-06-29,48,1
lme4@1.1-22#1,lme4,1.1-22,,lme4/lme4,467,2018-04-12,,0
lme4@1.1-22#14,lme4,1.1-22,,lme4/lme4,521,2019-05-16,,0
lme4@1.1-22#15,lme4,1.1-22,,lme4/lme4,535,2019-07-23,,0
lme4@1.1-22#16,lme4,1.1-22,,lme4/lme4,538,2019-09-04,,0
lme4@1.1-22#17,lme4,1.1-22,,lme4/lme4,516,2019-04-27,,0
lme4@1.1-22#18,lme4,1.1-22,,lme4/lme4,543,2019-10-21,,0
lme4@1.1-22#6,lme4,1.1-22,,lme4/lme4,528,2019-06-26,,0
lme4@1.1-22#7,lme4,1.1-22,,lme4/lme4,284,2015-03-04,,0
lme4@1.1-24#1,lme4,1.1-24,,lme4/lme4,583,2020-08-14,,0
lme4@1.1-24#10,lme4,1.1-24,,lme4/lme4,575,2020-06-04,,0
lme4@1.1-24#11,lme4,1.1-24,,lme4/lme4,561,2020-03-20,,0
lme4@1.1-24#4,lme4,1.1-24,,lme4/lme4,599,2020-09-25,,0
lme4@1.1-24#5,lme4,1.1-24,,lme4/lme4,533,2019-07-17,,0
lme4@1.1-24#7,lme4,1.1-24,,lme4/lme4,589,2020-08-31,,0
lme4@1.1-24#9,lme4,1.1-24,,lme4/lme4,556,2020-01-17,,0
lme4@1.1-26#1,lme4,1.1-26,2020-12-01,lme4/lme4,605,2020-10-26,36,1
lme4@1.1-27#1,lme4,1.1-27,2021-05-15,lme4/lme4,601,2020-10-05,222,1
lme4@1.1-27#2,lme4,1.1-27,2021-05-15,lme4/lme4,609,2020-11-27,169,1
lme4@1.1-27#7,lme4,1.1-27,2021-05-15,lme4/lme4,611,2020-12-14,152,1
lme4@1.1-27.1#6,lme4,1.1-27.1,2021-06-22,lme4/lme4,631,2021-06-15,7,1
lme4@1.1-28#1,lme4,1.1-28,2022-02-05,lme4/lme4,635,2021-07-08,212,1
lme4@1.1-28#1,lme4,1.1-28,2022-02-05,lme4/lme4,636,2021-07-23,197,1
lme4@1.1-28#10,lme4,1.1-28,2022-02-05,lme4/lme4,645,2021-10-19,109,1
lme4@1.1-28#8,lme4,1.1-28,2022-02-05,lme4/lme4,654,2022-01-12,24,1
lme4@1.1-28#9,lme4,1.1-28,2022-02-05,lme4/lme4,649,2021-11-24,73,1
lme4@1.1-29#3,lme4,1.1-29,2022-04-07,lme4/lme4,658,2022-02-04,62,1
lme4@1.1-29#4,lme4,1.1-29,2022-04-07,lme4/lme4,660,2022-02-11,55,1
lme4@1.1-29#6,lme4,1.1-29,2022-04-07,lme4/lme4,672,2022-03-15,23,1
lme4@1.1-29#7,lme4,1.1-29,2022-04-07,lme4/lme4,653,2022-01-03,94,1
lme4@1.1-3#1,lme4,1.1-3,,lme4/lme4,120,2013-09-05,,0
lme4@1.1-3#11,lme4,1.1-3,,lme4/lme4,149,2013-10-30,,0
lme4@1.1-3#12,lme4,1.1-3,,lme4/lme4,158,2013-12-04,,0
lme4@1.1-3#13,lme4,1.1-3,,lme4/lme4,166,2013-12-25,,0
lme4@1.1-3#2,lme4,1.1-3,,lme4/lme4,115,2013-08-24,,0
lme4@1.1-3#3,lme4,1.1-3,,lme4/lme4,129,2013-09-17,,0
lme4@1.1-3#6,lme4,1.1-3,,lme4/lme4,141,2013-10-04,,0
lme4@1.1-3#6,lme4,1.1-3,,lme4/lme4,165,2013-12-21,,0
lme4@1.1-30#1,lme4,1.1-30,2022-07-08,lme4/lme4,679,2022-05-02,67,1
lme4@1.1-30#2,lme4,1.1-30,2022-07-08,lme4/lme4,686,2022-06-08,30,1
lme4@1.1-30#3,lme4,1.1-30,2022-07-08,lme4/lme4,688,2022-06-28,10,1
lme4@1.1-30#7,lme4,1.1-30,2022-07-08,lme4/lme4,685,2022-06-08,30,1
lme4@1.1-32#1,lme4,1.1-32,2023-03-14,lme4/lme4,707,2022-11-14,120,1
lme4@1.1-32#4,lme4,1.1-32,2023-03-14,lme4/lme4,713,2023-03-05,9,1
lme4@1.1-33#1,lme4,1.1-33,2023-04-25,lme4/lme4,719,2023-03-22,34,1
lme4@1.1-33#2,lme4,1.1-33,2023-04-25,lme4/lme4,724,2023-04-22,3,1
lme4@1.1-33#3,lme4,1.1-33,2023-04-25,lme4/lme4,678,2022-04-19,371,1
lme4@1.1-33#7,lme4,1.1-33,2023-04-25,lme4/lme4,678,2022-04-19,371,1
lme4@1.1-34#1,lme4,1.1-34,2023-07-04,lme4/lme4,725,2023-06-02,32,1
lme4@1.1-35.2#3,lme4,1.1-35.2,2024-03-28,lme4/lme4,737,2023-08-22,219,1
lme4@1.1-35.4#1,lme4,1.1-35.4,2024-06-19,lme4/lme4,691,2022-07-09,711,1
lme4@1.1-35.4#2,lme4,1.1-35.4,2024-06-19,lme4/lme4,782,2024-04-25,55,1
lme4@1.1-35.4#3,lme4,1.1-35.4,2024-06-19,lme4/lme4,794,2024-06-03,16,1
lme4@1.1-36#6,lme4,1.1-36,2025-01-11,lme4/lme4,812,2024-11-19,53,1
lme4@1.1-37#4,lme4,1.1-37,2025-03-26,lme4/lme4,1156,,,0
lme4@1.1-38#1,lme4,1.1-38,2025-12-02,lme4/lme4,847,2025-07-23,132,1
lme4@1.1-38#15,lme4,1.1-38,2025-12-02,lme4/lme4,227,2014-08-08,4134,1
lme4@1.1-38#2,lme4,1.1-38,2025-12-02,lme4/lme4,691,2022-07-09,1242,1
lme4@1.1-38#2,lme4,1.1-38,2025-12-02,lme4/lme4,753,2023-11-06,757,1
lme4@1.1-4#1,lme4,1.1-4,,lme4/lme4,155,2013-11-14,,0
lme4@1.1-4#10,lme4,1.1-4,,lme4/lme4,170,2014-01-17,,0
lme4@1.1-4#2,lme4,1.1-4,,lme4/lme4,172,2014-01-20,,0
lme4@1.1-4#3,lme4,1.1-4,,lme4/lme4,47,2013-06-20,,0
lme4@1.1-4#6,lme4,1.1-4,,lme4/lme4,144,2013-10-19,,0
lme4@1.1-5#2,lme4,1.1-5,2014-03-14,lme4/lme4,191,2014-03-13,1,1
lme4@1.1-5#5,lme4,1.1-5,2014-03-14,lme4/lme4,190,2014-03-11,3,1
lme4@1.1-7#11,lme4,1.1-7,2014-07-19,lme4/lme4,201,2014-05-06,74,1
lme4@1.1-7#12,lme4,1.1-7,2014-07-19,lme4/lme4,212,2014-06-03,46,1
lme4@1.1-7#13,lme4,1.1-7,2014-07-19,lme4/lme4,205,2014-05-22,58,1
lme4@1.1-7#14,lme4,1.1-7,2014-07-19,lme4/lme4,200,2014-05-02,78,1
lme4@1.1-7#3,lme4,1.1-7,2014-07-19,lme4/lme4,194,2014-03-27,114,1
lme4@1.1-7#5,lme4,1.1-7,2014-07-19,lme4/lme4,211,2014-06-02,47,1
lme4@1.1-7#6,lme4,1.1-7,2014-07-19,lme4/lme4,214,2014-06-10,39,1
lme4@1.1-8#13,lme4,1.1-8,2015-06-22,lme4/lme4,231,2014-08-17,309,1
lme4@1.1-8#18,lme4,1.1-8,2015-06-22,lme4/lme4,153,2013-11-13,586,1
lme4@1.1-8#18,lme4,1.1-8,2015-06-22,lme4/lme4,197,2014-04-10,438,1
lme4@1.1-8#18,lme4,1.1-8,2015-06-22,lme4/lme4,246,2014-09-30,265,1
lme4@1.1-8#18,lme4,1.1-8,2015-06-22,lme4/lme4,275,2015-02-01,141,1
lme4@1.1-8#19,lme4,1.1-8,2015-06-22,lme4/lme4,231,2014-08-17,309,1
lme4@1.1-8#23,lme4,1.1-8,2015-06-22,lme4/lme4,310,2015-06-05,17,1
lme4@1.1-9#10,lme4,1.1-9,2015-08-20,lme4/lme4,176,2014-01-30,567,1
lme4@1.1-9#10,lme4,1.1-9,2015-08-20,lme4/lme4,266,2015-01-09,223,1
lme4@1.1-9#10,lme4,1.1-9,2015-08-20,lme4/lme4,287,2015-03-25,148,1
lme4@1.1-9#10,lme4,1.1-9,2015-08-20,lme4/lme4,318,2015-07-23,28,1
lme4@1.1-9#5,lme4,1.1-9,2015-08-20,lme4/lme4,284,2015-03-04,169,1
lme4@1.1-9#7,lme4,1.1-9,2015-08-20,lme4/lme4,313,2015-06-17,64,1
lme4@2.0-6#10,lme4,2.0-6,2026-07-16,lme4/lme4,958,2026-04-02,105,1
lme4@2.0-6#11,lme4,2.0-6,2026-07-16,lme4/lme4,979,2026-06-04,42,1
lme4@2.0-6#12,lme4,2.0-6,2026-07-16,lme4/lme4,948,2026-03-13,125,1
lme4@2.0-6#13,lme4,2.0-6,2026-07-16,lme4/lme4,985,2026-07-02,14,1
lme4@2.0-6#2,lme4,2.0-6,2026-07-16,lme4/lme4,913,2026-02-11,155,1
lme4@2.0-6#20,lme4,2.0-6,2026-07-16,lme4/lme4,808,2024-08-28,687,1
lme4@2.0-6#21,lme4,2.0-6,2026-07-16,lme4/lme4,968,2026-05-13,64,1
lme4@2.0-6#24,lme4,2.0-6,2026-07-16,lme4/lme4,566,2020-04-21,2277,1
lme4@2.0-6#3,lme4,2.0-6,2026-07-16,lme4/lme4,377,2016-05-10,3719,1
lme4@2.0-6#5,lme4,2.0-6,2026-07-16,lme4/lme4,962,2026-04-16,91,1
lme4@2.0-6#6,lme4,2.0-6,2026-07-16,lme4/lme4,975,2026-05-22,55,1
lme4@2.0-6#7,lme4,2.0-6,2026-07-16,lme4/lme4,290,2015-03-30,4126,1
lme4@2.0-6#8,lme4,2.0-6,2026-07-16,lme4/lme4,943,2026-03-06,132,1
lme4@2.0-6#9,lme4,2.0-6,2026-07-16,lme4/lme4,945,2026-03-08,130,1
optmatch@unknown#12,optmatch,unknown,,markmfredrickson/optmatch,218,2022-04-07,,0
optmatch@unknown#14,optmatch,unknown,,markmfredrickson/optmatch,65,2013-08-21,,0
optmatch@unknown#2,optmatch,unknown,,markmfredrickson/optmatch,223,2022-07-17,,0
optmatch@unknown#27,optmatch,unknown,,markmfredrickson/optmatch,189,2020-05-25,,0
optmatch@unknown#27,optmatch,unknown,,markmfredrickson/optmatch,206,2021-05-21,,0
optmatch@unknown#28,optmatch,unknown,,markmfredrickson/optmatch,204,2021-05-07,,0
optmatch@unknown#28,optmatch,unknown,,markmfredrickson/optmatch,211,2021-09-18,,0
optmatch@unknown#29,optmatch,unknown,,markmfredrickson/optmatch,209,2021-08-21,,0
optmatch@unknown#30,optmatch,unknown,,markmfredrickson/optmatch,194,2021-01-04,,0
optmatch@unknown#32,optmatch,unknown,,markmfredrickson/optmatch,181,2019-10-31,,0
optmatch@unknown#33,optmatch,unknown,,markmfredrickson/optmatch,190,2020-07-16,,0
optmatch@unknown#34,optmatch,unknown,,markmfredrickson/optmatch,203,2021-03-25,,0
optmatch@unknown#35,optmatch,unknown,,markmfredrickson/optmatch,194,2021-01-04,,0
optmatch@unknown#36,optmatch,unknown,,markmfredrickson/optmatch,194,2021-01-04,,0
optmatch@unknown#37,optmatch,unknown,,markmfredrickson/optmatch,194,2021-01-04,,0
optmatch@unknown#38,optmatch,unknown,,markmfredrickson/optmatch,155,2018-10-05,,0
optmatch@unknown#39,optmatch,unknown,,markmfredrickson/optmatch,180,2019-10-03,,0
optmatch@unknown#4,optmatch,unknown,,markmfredrickson/optmatch,230,2023-02-21,,0
optmatch@unknown#40,optmatch,unknown,,markmfredrickson/optmatch,179,2019-09-23,,0
optmatch@unknown#42,optmatch,unknown,,markmfredrickson/optmatch,54,2013-06-07,,0
optmatch@unknown#43,optmatch,unknown,,markmfredrickson/optmatch,68,2013-09-11,,0
optmatch@unknown#44,optmatch,unknown,,markmfredrickson/optmatch,159,2018-10-30,,0
optmatch@unknown#45,optmatch,unknown,,markmfredrickson/optmatch,104,2015-06-23,,0
optmatch@unknown#45,optmatch,unknown,,markmfredrickson/optmatch,149,2018-05-14,,0
optmatch@unknown#46,optmatch,unknown,,markmfredrickson/optmatch,147,2018-03-08,,0
optmatch@unknown#47,optmatch,unknown,,markmfredrickson/optmatch,175,2019-06-28,,0
optmatch@unknown#5,optmatch,unknown,,markmfredrickson/optmatch,234,2023-10-21,,0
optmatch@unknown#50,optmatch,unknown,,markmfredrickson/optmatch,138,2017-08-15,,0
optmatch@unknown#50,optmatch,unknown,,markmfredrickson/optmatch,142,2017-09-11,,0
optmatch@unknown#50,optmatch,unknown,,markmfredrickson/optmatch,149,2018-05-14,,0
optmatch@unknown#52,optmatch,unknown,,markmfredrickson/optmatch,116,2016-04-22,,0
optmatch@unknown#56,optmatch,unknown,,markmfredrickson/optmatch,128,2017-07-06,,0
optmatch@unknown#57,optmatch,unknown,,markmfredrickson/optmatch,129,2017-07-07,,0
optmatch@unknown#58,optmatch,unknown,,markmfredrickson/optmatch,132,2017-07-15,,0
optmatch@unknown#59,optmatch,unknown,,markmfredrickson/optmatch,121,2016-12-12,,0
optmatch@unknown#64,optmatch,unknown,,markmfredrickson/optmatch,101,2015-05-16,,0
optmatch@unknown#68,optmatch,unknown,,markmfredrickson/optmatch,110,2016-03-07,,0
optmatch@unknown#68,optmatch,unknown,,markmfredrickson/optmatch,113,2016-03-17,,0
optmatch@unknown#72,optmatch,unknown,,markmfredrickson/optmatch,80,2014-06-10,,0
optmatch@unknown#74,optmatch,unknown,,markmfredrickson/optmatch,92,2015-01-07,,0
optmatch@unknown#78,optmatch,unknown,,markmfredrickson/optmatch,83,2014-07-25,,0
optmatch@unknown#83,optmatch,unknown,,markmfredrickson/optmatch,74,2013-11-01,,0
optmatch@unknown#9,optmatch,unknown,,markmfredrickson/optmatch,220,2022-05-16,,0
optmatch@unknown#93,optmatch,unknown,,markmfredrickson/optmatch,70,2013-09-26,,0
ordinal@2010.03-04#105,ordinal,2010.03-04,2010-03-07,runehaubo/ordinal,18,2019-04-15,-3326,0
plm@2.4-1#0,plm,2.4-1,2021-03-02,ycroissant/plm,3,2021-02-09,21,1
plm@2.4-2#13,plm,2.4-2,2021-09-21,ycroissant/plm,11,2021-08-31,21,1
plm@2.4-2#6,plm,2.4-2,2021-09-21,ycroissant/plm,10,2021-08-23,29,1
plm@2.4-2#7,plm,2.4-2,2021-09-21,ycroissant/plm,4,2021-03-18,187,1
plm@2.4-2#9,plm,2.4-2,2021-09-21,ycroissant/plm,4,2021-03-18,187,1
plm@2.6-1#0,plm,2.6-1,2022-03-05,ycroissant/plm,17,2022-02-22,11,1
plm@2.6-2#4,plm,2.6-2,2022-08-16,ycroissant/plm,23,2022-05-16,92,1
plm@2.6-2#5,plm,2.6-2,2022-08-16,ycroissant/plm,23,2022-05-16,92,1
plm@2.6-3#3,plm,2.6-3,2023-04-09,ycroissant/plm,39,2023-01-31,68,1
plm@2.6-3#4,plm,2.6-3,2023-04-09,ycroissant/plm,35,2022-10-13,178,1
plm@2.6-3#5,plm,2.6-3,2023-04-09,ycroissant/plm,35,2022-10-13,178,1
plm@2.6-4#10,plm,2.6-4,2024-04-01,ycroissant/plm,46,2023-05-24,313,1
plm@2.6-4#9,plm,2.6-4,2024-04-01,ycroissant/plm,50,2023-09-08,206,1
plm@2.6-5#4,plm,2.6-5,2025-01-17,ycroissant/plm,58,2024-06-26,205,1
plm@2.6-6#2,plm,2.6-6,2025-04-04,ycroissant/plm,67,2025-03-13,22,1
plm@2.6-7#0,plm,2.6-7,2025-11-13,ycroissant/plm,75,2025-11-04,9,1
rms@8.1-0#5,rms,8.1-0,2025-10-14,harrelfe/rms,157,2025-03-03,225,1
spdep@1.1-12#3,spdep,1.1-12,2021-11-09,r-spatial/spdep,62,2021-10-23,17,1
spdep@1.1-13#0,spdep,1.1-13,2021-12-14,r-spatial/spdep,65,2021-11-11,33,1
spdep@1.1-13#1,spdep,1.1-13,2021-12-14,r-spatial/spdep,66,2021-11-15,29,1
spdep@1.1-13#1,spdep,1.1-13,2021-12-14,r-spatial/spdep,68,2021-11-21,23,1
spdep@1.1-7#5,spdep,1.1-7,2021-04-03,r-spatial/spdep,38,2020-02-10,418,1
spdep@1.1-7#5,spdep,1.1-7,2021-04-03,r-spatial/spdep,53,2021-02-10,52,1
spdep@1.1-7#6,spdep,1.1-7,2021-04-03,r-spatial/spdep,54,2021-03-16,18,1
spdep@1.1-8#0,spdep,1.1-8,2021-05-23,r-spatial/spdep,20,2018-11-02,933,1
spdep@1.1-8#0,spdep,1.1-8,2021-05-23,r-spatial/spdep,55,2021-04-02,51,1
spdep@1.1-8#2,spdep,1.1-8,2021-05-23,r-spatial/spdep,58,2021-04-28,25,1
spdep@1.2-2#2,spdep,1.2-2,2022-01-28,r-spatial/spdep,68,2021-11-21,68,1
spdep@1.2-2#2,spdep,1.2-2,2022-01-28,r-spatial/spdep,72,2022-01-10,18,1
spdep@1.2-2#2,spdep,1.2-2,2022-01-28,r-spatial/spdep,73,2022-01-10,18,1
spdep@1.2-2#2,spdep,1.2-2,2022-01-28,r-spatial/spdep,74,2022-01-11,17,1
spdep@1.2-2#2,spdep,1.2-2,2022-01-28,r-spatial/spdep,75,2022-01-21,7,1
spdep@1.2-2#2,spdep,1.2-2,2022-01-28,r-spatial/spdep,76,2022-01-21,7,1
spdep@1.2-2#3,spdep,1.2-2,2022-01-28,r-spatial/spdep,77,2022-01-22,6,1
spdep@1.2-3#1,spdep,1.2-3,2022-03-29,r-spatial/spdep,81,2022-03-18,11,1
spdep@1.2-3#2,spdep,1.2-3,2022-03-29,r-spatial/spdep,79,2022-02-17,40,1
spdep@1.2-4#0,spdep,1.2-4,2022-04-18,r-spatial/spdep,83,2022-04-15,3,1
spdep@1.2-5#1,spdep,1.2-5,2022-08-11,r-spatial/spdep,87,2022-06-19,53,1
spdep@1.2-7#0,spdep,1.2-7,2022-10-01,r-spatial/spdep,103,2022-09-25,6,1
spdep@1.2-7#2,spdep,1.2-7,2022-10-01,r-spatial/spdep,95,2022-09-02,29,1
spdep@1.2-7#3,spdep,1.2-7,2022-10-01,r-spatial/spdep,92,2022-09-02,29,1
spdep@1.2-7#3,spdep,1.2-7,2022-10-01,r-spatial/spdep,93,2022-09-02,29,1
spdep@1.2-7#3,spdep,1.2-7,2022-10-01,r-spatial/spdep,94,2022-09-02,29,1
spdep@1.2-7#3,spdep,1.2-7,2022-10-01,r-spatial/spdep,96,2022-09-08,23,1
spdep@1.2-7#3,spdep,1.2-7,2022-10-01,r-spatial/spdep,97,2022-09-10,21,1
spdep@1.2-7#4,spdep,1.2-7,2022-10-01,r-spatial/spdep,91,2022-08-29,33,1
spdep@1.2-8#10,spdep,1.2-8,2023-02-28,r-spatial/spdep,111,2022-10-27,124,1
spdep@1.2-8#11,spdep,1.2-8,2023-02-28,r-spatial/spdep,109,2022-10-03,148,1
spdep@1.2-8#2,spdep,1.2-8,2023-02-28,r-spatial/spdep,124,2023-01-27,32,1
spdep@1.2-8#3,spdep,1.2-8,2023-02-28,r-spatial/spdep,124,2023-01-27,32,1
spdep@1.2-8#5,spdep,1.2-8,2023-02-28,r-spatial/spdep,121,2023-01-23,36,1
spdep@1.2-8#5,spdep,1.2-8,2023-02-28,r-spatial/spdep,123,2023-01-27,32,1
spdep@1.2-8#6,spdep,1.2-8,2023-02-28,r-spatial/spdep,120,2022-12-30,60,1
spdep@1.2-8#7,spdep,1.2-8,2023-02-28,r-spatial/spdep,119,2022-12-15,75,1
spdep@1.2-8#8,spdep,1.2-8,2023-02-28,r-spatial/spdep,116,2022-11-28,92,1
spdep@1.2-8#9,spdep,1.2-8,2023-02-28,r-spatial/spdep,113,2022-11-16,104,1
spdep@1.3-1#6,spdep,1.3-1,2023-11-23,r-spatial/spdep,133,2023-08-30,85,1
spdep@1.3-10#0,spdep,1.3-10,2025-01-20,r-spatial/spdep,176,2025-01-18,2,1
spdep@1.3-3#2,spdep,1.3-3,2024-02-07,r-spatial/spdep,143,2024-01-18,20,1
spdep@1.3-3#3,spdep,1.3-3,2024-02-07,r-spatial/spdep,139,2024-01-08,30,1
spdep@1.3-4#0,spdep,1.3-4,2024-05-31,r-spatial/spdep,151,2024-05-08,23,1
spdep@1.3-4#4,spdep,1.3-4,2024-05-31,r-spatial/spdep,144,2024-03-20,72,1
spdep@1.3-5#0,spdep,1.3-5,2024-06-10,r-spatial/spdep,157,2024-06-08,2,1
spdep@1.3-5#1,spdep,1.3-5,2024-06-10,r-spatial/spdep,155,2024-06-02,8,1
spdep@1.3-5#2,spdep,1.3-5,2024-06-10,r-spatial/spdep,154,2024-06-01,9,1
spdep@1.3-6#0,spdep,1.3-6,2024-09-13,r-spatial/spdep,162,2024-07-05,70,1
spdep@1.3-6#2,spdep,1.3-6,2024-09-13,r-spatial/spdep,163,2024-07-09,66,1
spdep@1.3-6#3,spdep,1.3-6,2024-09-13,r-spatial/spdep,162,2024-07-05,70,1
spdep@1.3-6#4,spdep,1.3-6,2024-09-13,r-spatial/spdep,162,2024-07-05,70,1
spdep@1.3-6#6,spdep,1.3-6,2024-09-13,r-spatial/spdep,160,2024-06-11,94,1
spdep@1.3-7#1,spdep,1.3-7,2024-11-25,r-spatial/spdep,163,2024-07-09,139,1
spdep@1.3-7#1,spdep,1.3-7,2024-11-25,r-spatial/spdep,171,2024-10-29,27,1
spdep@1.3-9#0,spdep,1.3-9,2025-01-16,r-spatial/spdep,175,2025-01-11,5,1
